system:index,VH,VH_Times_VH,VH_VV_Ratio,VV,VV_Plus_VH,VV_Times_VH,VV_Times_VV,VV_VH_Ratio,angle,.geo
00000000000000000000_0,-30.29619354185834,1013.1820928940158,0.6284896037792305,-18.000531009554777,-48.296724551413114,564.0859117205083,329.2243742474903,1.657552982528443,34.840168,"{""geodesic"":false,""type"":""Point"",""coordinates"":[75.89897276560781,12.483393430002725]}"
00000000000000000002_0,-30.60529134544884,952.4549101415687,0.6507550360850377,-19.479019761421778,-50.084311106870615,591.9233842574644,380.67120551064863,1.5878752194651478,35.047905,"{""geodesic"":false,""type"":""Point"",""coordinates"":[75.89097775957916,12.48590871279826]}"
00000000000000000003_0,-29.352281972473,881.4179070878505,0.9729776100566332,-27.17603808429755,-56.52832005677055,775.7897293088504,778.9098074971043,1.1781485956735542,35.047905,"{""geodesic"":false,""type"":""Point"",""coordinates"":[75.89753546115323,12.48186629401972]}"
00000000000000000004_0,-26.788807901402322,752.3138564072191,0.8613409728060964,-22.45870379523788,-49.247511696640196,608.5157451343231,509.14279840114676,1.1907164196583955,36.85147,"{""geodesic"":false,""type"":""Point"",""coordinates"":[77.74285471779154,12.964081938535081]}"
00000000000000000005_0,-31.099546792965008,991.4132456442816,0.633827370304984,-19.26434150947225,-50.36388830243726,600.5465317651885,371.85171464367005,1.6134295314075744,35.047905,"{""geodesic"":false,""type"":""Point"",""coordinates"":[75.89079809652233,12.48554938668461]}"
00000000000000000006_0,-31.99767910984723,1058.9902655783994,0.6974465746848839,-21.62723345344549,-53.62491256329272,690.2421396995735,471.93765791847244,1.4975088303053656,38.116367,"{""geodesic"":false,""type"":""Point"",""coordinates"":[75.95098522055834,14.796734949667316]}"
00000000000000000007_0,-31.00843049969257,1007.2825328218624,0.7593337628322027,-22.848228451344134,-53.8566589510367,713.5622838528807,544.0258106220299,1.3975817435278444,39.051502,"{""geodesic"":false,""type"":""Point"",""coordinates"":[76.42969743546563,13.142217859375982]}"
00000000000000000009_0,-24.556074964532275,603.6709242068625,0.6982534767535515,-17.03196853330219,-41.58804349783446,416.01461101770735,306.33966297263663,1.5291946329992452,44.26184,"{""geodesic"":false,""type"":""Point"",""coordinates"":[74.92987023709968,15.22118892141379]}"
0000000000000000000a_0,-27.88197906054132,788.781336415386,0.7360851999692232,-20.234843461433268,-48.1168225219746,564.1969069995679,417.71840662179267,1.4011147458611555,41.944473,"{""geodesic"":false,""type"":""Point"",""coordinates"":[76.45925200831316,13.150392528461468]}"
0000000000000000000b_0,-17.46524246496076,312.42960493502875,0.7425719753568889,-12.804646601759547,-30.269889066720307,226.26186571905532,170.85143185323687,1.4132325076839427,41.944473,"{""geodesic"":false,""type"":""Point"",""coordinates"":[76.46401307931899,13.146619604268167]}"
0000000000000000000c_0,-18.389685634939564,348.44923492458577,0.6765731255520028,-12.417691537000328,-30.807377171939887,234.92655801577544,160.8728059370408,1.5049823937464386,41.856804,"{""geodesic"":false,""type"":""Point"",""coordinates"":[76.43275170743163,13.143385669245337]}"
0000000000000000000d_0,-34.87690847699344,1293.9972220100065,0.5657264063460856,-18.594625681902706,-53.471534158896155,651.5097019363886,346.3890439993226,1.8712159960618289,35.047905,"{""geodesic"":false,""type"":""Point"",""coordinates"":[75.89717613503957,12.484381576815256]}"
0000000000000000000e_0,-24.209468785964656,594.238691024205,0.757733486011355,-18.280158331612228,-42.48962711757689,446.56644778238893,342.89674782130777,1.3499720435192233,44.154316,"{""geodesic"":false,""type"":""Point"",""coordinates"":[76.5030897941782,12.380266835385804]}"
0000000000000000000f_0,-25.687545704858355,671.1685292163012,0.5806630937055143,-14.718927760300547,-40.406473465158896,378.6526850617421,218.2868589858456,1.7552774077339484,39.051502,"{""geodesic"":false,""type"":""Point"",""coordinates"":[76.4242177122325,13.136827967671264]}"
00000000000000000010_0,-11.734500412131256,138.0430930824865,0.4919900816151079,-5.789342036566932,-17.52384244869819,68.31592034240286,34.47814714271345,2.0736268876543753,36.85147,"{""geodesic"":false,""type"":""Point"",""coordinates"":[77.73755465761523,12.947103779665222]}"
00000000000000000011_0,-29.858957706809313,934.1488309473937,0.8100306546058264,-23.5715412116029,-53.43049891841221,715.5793535019445,559.0636491703884,1.2542394387080305,34.840168,"{""geodesic"":false,""type"":""Point"",""coordinates"":[75.90139821687494,12.48599854432667]}"
00000000000000000012_0,-37.10617492506222,1439.9691159257554,0.5226600745626112,-18.156426667247736,-55.26260159230996,668.2261965218613,331.9579709666474,2.0721154735256393,35.257706,"{""geodesic"":false,""type"":""Point"",""coordinates"":[75.88343191119255,12.483393430002725]}"
00000000000000000013_0,-23.525193520816806,571.1308863574859,0.5785377907341811,-13.485505260234893,-37.0106987810517,323.46013767596725,189.13322117638754,1.784475954149078,38.116367,"{""geodesic"":false,""type"":""Point"",""coordinates"":[75.94963774763215,14.796645118138905]}"
00000000000000000014_0,-27.929432034714367,805.3214567153149,0.7147732070438768,-19.707450127300064,-47.63688216201443,561.4149418882404,404.0418861562964,1.445061039797209,39.051502,"{""geodesic"":false,""type"":""Point"",""coordinates"":[76.43059575074975,13.142577185489628]}"
00000000000000000015_0,-29.656718358831494,894.5697553678108,0.701073393405713,-20.755090083697638,-50.411808442529136,623.8652841191271,440.2630139641737,1.443344655331325,35.259426,"{""geodesic"":false,""type"":""Point"",""coordinates"":[75.88621668857331,12.484201913758433]}"
00000000000000000017_0,-23.74051978202449,569.1382251546837,0.5986045854819179,-14.281887822740368,-38.02240760476486,343.93413231382675,212.38934817982718,1.7112918090128986,39.160614,"{""geodesic"":false,""type"":""Point"",""coordinates"":[77.32927036098292,12.304179530820878]}"
00000000000000000018_0,-32.50181017565015,1102.679024271781,0.6279106257688327,-19.854110479898498,-52.35592065554864,655.1506053670947,413.51066260641454,1.686196768623714,39.051502,"{""geodesic"":false,""type"":""Point"",""coordinates"":[76.42610417432915,13.145631457455636]}"
00000000000000000019_0,-34.1717158356608,1251.9705625940478,0.5553876163277435,-17.451268861301205,-51.62298469696201,590.7287047948472,306.88539418444697,1.98806844390394,35.257706,"{""geodesic"":false,""type"":""Point"",""coordinates"":[75.88504887870397,12.482854440832252]}"
0000000000000000001a_0,-18.35937855121504,344.65405335548354,0.6926627712306446,-12.372261061332443,-30.73163961254749,225.28205837141607,154.38192368763225,1.508818224014459,36.85147,"{""geodesic"":false,""type"":""Point"",""coordinates"":[77.75058022923497,12.950966535386936]}"
0000000000000000001b_0,-27.676806943316016,773.9593878988044,0.852660977917738,-23.476184450161938,-51.152991393477954,653.1142252817585,554.9428171989421,1.181248494552613,35.257706,"{""geodesic"":false,""type"":""Point"",""coordinates"":[75.8837912373062,12.477464549127536]}"
0000000000000000001c_0,-36.81940186912209,1386.778141363736,0.5202471124074777,-18.70780481093211,-55.52720668005419,691.5301415288891,351.3775203821308,1.9688393991342388,35.259426,"{""geodesic"":false,""type"":""Point"",""coordinates"":[75.8830725850789,12.485010397514138]}"
0000000000000000001d_0,-17.132354944181547,305.2657982514561,0.5964404609958704,-10.169201066108585,-27.301556010290124,179.94615454063356,108.38064530356498,1.71337483847228,41.944473,"{""geodesic"":false,""type"":""Point"",""coordinates"":[76.46024015512569,13.164765573007381]}"
0000000000000000001e_0,-27.012635751803394,745.5887728069531,0.6442978636434751,-17.120481035266817,-44.133116787070215,464.6734584873943,296.77691005563145,1.5926331115671022,39.160614,"{""geodesic"":false,""type"":""Point"",""coordinates"":[77.31319051739717,12.30552700374706]}"
0000000000000000001f_0,-28.36520734698062,835.5246403500208,0.8227263143052015,-22.44762511060906,-50.812832457589685,634.3693410094131,519.7201026961648,1.3054391841701904,39.051502,"{""geodesic"":false,""type"":""Point"",""coordinates"":[76.42969743546563,13.146439941211343]}"
00000000000000000020_0,-27.836488401356675,780.2632415206233,0.7446708332202158,-20.573124705566382,-48.40961310692306,572.7812769719882,424.3643761173233,1.3564834277429962,34.838425,"{""geodesic"":false,""type"":""Point"",""coordinates"":[75.89906259713622,12.478183201354831]}"
00000000000000000021_0,-37.32515403459112,1462.158341981406,0.5478189548878407,-19.746951346051084,-57.07210538064221,753.1465316304349,394.25387594465855,1.8665018307774421,34.838425,"{""geodesic"":false,""type"":""Point"",""coordinates"":[75.89924226019305,12.478901853582126]}"
00000000000000000022_0,-25.98703787938223,693.4083245982778,0.7672913330300936,-19.264721919305032,-45.25175979868726,493.90129331332014,384.8485990499953,1.4233767208032213,39.051502,"{""geodesic"":false,""type"":""Point"",""coordinates"":[76.42781097336898,13.148056908722758]}"
00000000000000000023_0,-32.690831814123094,1144.871296103693,0.6130301306187119,-18.352539562228976,-51.04337137635207,589.2252268351599,340.87940749928964,1.834043922473488,38.116367,"{""geodesic"":false,""type"":""Point"",""coordinates"":[75.95134454667198,14.798441748707143]}"
00000000000000000024_0,-28.921480301794304,847.2837559888098,0.810432114447578,-23.15301902271018,-52.07449932450448,669.2334160919413,541.4640556200966,1.2629396903041066,41.944473,"{""geodesic"":false,""type"":""Point"",""coordinates"":[76.45916217678474,13.168448665672273]}"
00000000000000000025_0,-19.224342921546906,370.42828382891145,0.5044251808763638,-9.652079445934717,-28.876422367481624,185.11688801854882,93.38756003798204,2.001263769869082,36.804756,"{""geodesic"":false,""type"":""Point"",""coordinates"":[76.34723209238345,16.306892773800644]}"
00000000000000000027_0,-29.43990861783613,931.5557384953765,0.8172043918129316,-22.656760918755584,-52.09666953659171,669.1663727832309,518.4059904277703,1.3088476032023415,35.046165,"{""geodesic"":false,""type"":""Point"",""coordinates"":[75.89088792805074,12.481057810264012]}"
00000000000000000028_0,-20.61505604020631,429.2596501668977,0.5710912051007034,-11.75959358932391,-32.37464962953021,244.457468843222,141.43476936766626,1.8071709376113432,44.154316,"{""geodesic"":false,""type"":""Point"",""coordinates"":[76.50156265819518,12.380805824556274]}"
00000000000000000029_0,-31.85766310565513,1070.7754627372262,0.8173192437233906,-24.87985070823569,-56.737513813890814,788.5891216355187,708.9715024432128,1.4112960095057427,39.051502,"{""geodesic"":false,""type"":""Point"",""coordinates"":[76.42960760393721,13.142217859375982]}"
0000000000000000002a_0,-11.359024564794622,130.8731954289328,0.4314803184881237,-4.952391528790882,-16.3114160935855,57.597436107322544,25.656859368764234,2.346667878430516,36.85147,"{""geodesic"":false,""type"":""Point"",""coordinates"":[77.75165820757591,12.95213434525629]}"
0000000000000000002b_0,-23.228220315810383,567.3300075764275,0.712741622817174,-16.753959366766377,-39.98217968257675,410.1287511201942,317.0867996226663,1.5290623051637025,41.944473,"{""geodesic"":false,""type"":""Point"",""coordinates"":[76.43562631634082,13.139073755881562]}"
0000000000000000002c_0,-28.75814184299796,850.6790251087536,0.810808590870938,-22.649529243000003,-51.40767108599796,650.4178583220253,520.3826476738989,1.2887647485641154,41.94615,"{""geodesic"":false,""type"":""Point"",""coordinates"":[76.45871301914269,13.168807991785918]}"
0000000000000000002d_0,-33.6233969136892,1186.312709903953,0.6759893064325362,-21.471269000396287,-55.09466591408548,706.7663133737678,465.1988986894778,1.619469769104823,35.257706,"{""geodesic"":false,""type"":""Point"",""coordinates"":[75.88415056341984,12.47629673925818]}"
0000000000000000002e_0,-28.73225216355114,847.9613323477213,0.8560842776590223,-23.844734298104626,-52.57698646165577,680.2362624450432,570.1470153591617,1.2169327469118454,35.046165,"{""geodesic"":false,""type"":""Point"",""coordinates"":[75.89079809652233,12.475039097860414]}"
0000000000000000002f_0,-27.113773143377916,736.6400453128081,0.8532134261701352,-23.01136164738778,-50.1251347907657,621.6373300395167,570.3299380817094,1.2553246412744472,34.840168,"{""geodesic"":false,""type"":""Point"",""coordinates"":[75.90130838534652,12.484561239872079]}"
00000000000000000030_0,-29.681794420869565,888.420428196401,0.7203361444422174,-21.203056146791713,-50.884850567661275,628.6279453073191,457.15144876031087,1.4226563651496362,34.840168,"{""geodesic"":false,""type"":""Point"",""coordinates"":[75.90139821687494,12.485190060570964]}"
00000000000000000031_0,-13.5647608506637,186.074197827894,0.6324468361830837,-8.498655863674875,-22.063416714338583,115.53927626973899,81.14764497110878,1.801898296086931,36.85147,"{""geodesic"":false,""type"":""Point"",""coordinates"":[77.73566819551858,12.973514249018336]}"
00000000000000000032_0,-33.71750224249431,1144.5774309116562,0.5892619934390826,-19.87459481393711,-53.59209705643142,674.8153445705868,398.2576484405716,1.6986448150509534,35.047905,"{""geodesic"":false,""type"":""Point"",""coordinates"":[75.89717613503957,12.485190060570964]}"
00000000000000000033_0,-29.42011617644559,918.2283934901587,0.7638268290556348,-21.05409723698927,-50.47421341343485,605.6123638031719,458.3619579303884,1.4772530279149527,35.047905,"{""geodesic"":false,""type"":""Point"",""coordinates"":[75.88989978123821,12.487076522667614]}"
00000000000000000034_0,-17.75410647357299,319.28698610326796,0.4373423265518472,-7.505505689636825,-25.259612163209816,130.22485728961072,59.21297573129277,2.5555712023942894,39.160614,"{""geodesic"":false,""type"":""Point"",""coordinates"":[77.32576693137486,12.306784645144827]}"
00000000000000000035_0,-30.624471298503437,954.5303996648624,0.7001298501603196,-21.2856237346191,-51.91009503312254,657.7943408733978,465.60396189910864,1.4654176090454707,39.051502,"{""geodesic"":false,""type"":""Point"",""coordinates"":[76.4279906364258,13.146709435796579]}"
00000000000000000036_0,-31.37862256615662,1018.749652319384,0.5749209552276897,-17.69894784943494,-49.07757041559156,563.6299740075038,328.2287300708385,1.825596818241702,44.26184,"{""geodesic"":false,""type"":""Point"",""coordinates"":[74.93130754155426,15.220649932243319]}"
00000000000000000037_0,-25.463012441098787,658.0097263066841,0.7713128662500524,-19.58954793286861,-45.052560373967395,505.05165569544477,389.0463004272667,1.3010629622289294,38.116367,"{""geodesic"":false,""type"":""Point"",""coordinates"":[75.95457848169481,14.794848487570665]}"
00000000000000000038_0,-31.140191303759053,972.9744274888631,0.6300270017055679,-19.52400740676044,-50.664198710519486,606.8910637470906,381.80690714122716,1.6006508135520845,35.047905,"{""geodesic"":false,""type"":""Point"",""coordinates"":[75.89007944429503,12.484561239872079]}"
00000000000000000039_0,-36.817779305586626,1456.1475796185723,0.6156827544926332,-21.498071830664088,-58.315851136250714,810.9953344597658,466.2374774015897,1.685417981172154,35.047905,"{""geodesic"":false,""type"":""Point"",""coordinates"":[75.89034893888027,12.48267477777543]}"
0000000000000000003a_0,-19.557984193804362,384.6509113544265,0.46681086133657756,-9.09085189682752,-28.648836090631875,178.03484127909343,82.80766999701827,2.1528058731667787,39.160614,"{""geodesic"":false,""type"":""Point"",""coordinates"":[77.32882120334085,12.30516767763341]}"
0000000000000000003b_0,-19.365813453185257,455.0055020532817,0.533237950893704,-10.42526290820214,-29.791076361387397,242.88933855964254,132.84198296867135,1.9268942627391163,36.85147,"{""geodesic"":false,""type"":""Point"",""coordinates"":[77.7349495432913,12.947283442722046]}"
0000000000000000003c_0,-21.30788809942314,462.84893482596135,0.6688586114184742,-14.185058889290852,-35.49294698871398,306.3140461789263,205.12217666758798,1.5100064142184682,37.10435,"{""geodesic"":false,""type"":""Point"",""coordinates"":[75.5455755328352,13.751275622009016]}"
0000000000000000003d_0,-36.74883981869495,1422.8056330924699,0.6472836399648295,-22.08342236867655,-58.8322621873715,800.7323740520552,497.22779073127,1.7125417107694028,39.051502,"{""geodesic"":false,""type"":""Point"",""coordinates"":[76.42763131031215,13.14392465841581]}"
0000000000000000003e_0,-28.708728149283253,833.8655675442311,0.6990161847025763,-19.967832103077257,-48.67656025236052,576.7570042173792,406.64261448431097,1.452932845161273,38.116367,"{""geodesic"":false,""type"":""Point"",""coordinates"":[75.95260218806975,14.796734949667316]}"
0000000000000000003f_0,-24.733784121763907,615.6429962077934,0.7644495436759101,-18.916852146546272,-43.65063626831018,471.1868430960598,363.2470542376891,1.3187614578834181,39.160614,"{""geodesic"":false,""type"":""Point"",""coordinates"":[77.31849057757348,12.306694813616414]}"
00000000000000000040_0,-32.40485758519945,1103.8790539633299,0.705252066519042,-21.59792868344706,-54.00278626864651,695.9813920014889,471.24941149027256,1.5287393099345836,35.257706,"{""geodesic"":false,""type"":""Point"",""coordinates"":[75.88486921564714,12.477644212184359]}"
00000000000000000041_0,-33.50099191321893,1183.4171293520935,0.59287888472356,-19.134225687759294,-52.63521760097823,647.2098852591324,367.0572494691723,1.7391807937074546,35.047905,"{""geodesic"":false,""type"":""Point"",""coordinates"":[75.89843377643734,12.484920565985728]}"
00000000000000000042_0,-27.965176122142672,847.5244308710033,0.6128973924839021,-15.68226267940789,-43.64743880155055,433.38972474556516,247.3719927355478,1.8164699810617917,36.85147,"{""geodesic"":false,""type"":""Point"",""coordinates"":[77.7380038152573,12.980431276706057]}"
00000000000000000044_0,-22.175850156641822,497.4109537353923,0.7484147803058625,-16.702640502893182,-38.878490659535,376.9670089545415,288.74295151608777,1.3490580603297848,38.116367,"{""geodesic"":false,""type"":""Point"",""coordinates"":[75.95305134571181,14.797094275780964]}"
00000000000000000045_0,-31.106339952459592,973.6702414275171,0.7253805488472732,-22.441272805547882,-53.547612758007475,698.1799624667884,513.2387686868093,1.413463452073287,38.116367,"{""geodesic"":false,""type"":""Point"",""coordinates"":[75.95511747086529,14.795836634383196]}"
00000000000000000046_0,-33.7076304905024,1162.741695469314,0.6917700656352193,-23.00809925576233,-56.71572974626473,782.5318860394417,532.4577382536326,1.4603204007603223,44.26184,"{""geodesic"":false,""type"":""Point"",""coordinates"":[74.9315770361395,15.217954986390959]}"
00000000000000000047_0,-32.13389504935341,1129.5023091118608,0.6026579639852689,-17.971746485142702,-50.105641534496115,591.114180251703,324.89550580184516,1.7562744047835328,36.804756,"{""geodesic"":false,""type"":""Point"",""coordinates"":[76.35154400574723,16.30473681711876]}"
00000000000000000048_0,-25.24839245156933,637.6700995923014,0.8267229424157678,-20.828450873003632,-46.07684332457296,524.9000349012371,440.16745368794693,1.2325056755080923,35.047905,"{""geodesic"":false,""type"":""Point"",""coordinates"":[75.88792348761315,12.483303598474311]}"
00000000000000000049_0,-24.924834900859807,629.3670585258733,0.7080726437357626,-17.48605355873895,-42.410888459598745,438.75888373794606,325.006435083602,1.5043538252154636,38.116367,"{""geodesic"":false,""type"":""Point"",""coordinates"":[75.9507157259731,14.796285792025255]}"
0000000000000000004a_0,-13.655159086789007,187.64664196231726,0.3947624068647096,-5.435031846742534,-19.09019093353154,75.21066571508597,34.21910396627404,0.533140606055025,44.15425,"{""geodesic"":false,""type"":""Point"",""coordinates"":[76.4865607929504,12.350532599481447]}"
0000000000000000004b_0,-25.6620823122568,675.794125752607,0.5625510520974136,-13.96636776806811,-39.6284500803249,354.99632077936263,196.9470306780843,1.8727636910029613,39.051502,"{""geodesic"":false,""type"":""Point"",""coordinates"":[76.42691265808486,13.148685729421642]}"
0000000000000000004c_0,-33.86746541732673,1209.166649790662,0.7549299322558899,-23.953880240554355,-57.82134565788108,787.8269739498928,600.2031926799687,1.5393542850623656,35.047905,"{""geodesic"":false,""type"":""Point"",""coordinates"":[75.89915242866464,12.486627365025555]}"
0000000000000000004d_0,-27.05172600886786,755.3157676537876,0.6961008213708979,-18.46540826615581,-45.51713427502367,503.51110895134053,349.26960566965477,1.4860200367506362,39.051502,"{""geodesic"":false,""type"":""Point"",""coordinates"":[76.42520585904504,13.146619604268167]}"
0000000000000000004e_0,-30.02612178592268,963.9524990363889,0.8156659621175277,-22.94207181395859,-52.968193599881275,678.0805088257396,535.8781604284627,1.3533054232867134,35.257706,"{""geodesic"":false,""type"":""Point"",""coordinates"":[75.8831624166073,12.478901853582126]}"
0000000000000000004f_0,-17.92840475942484,323.12126291064754,0.5324877355999071,-9.544757711219845,-27.473162470644684,171.97952003493563,91.80703938299334,1.883100074034987,36.85147,"{""geodesic"":false,""type"":""Point"",""coordinates"":[77.74357337001884,12.964620927705552]}"
00000000000000000050_0,-31.08345594864008,1023.3266343340686,0.7928033643501227,-23.61832206013628,-54.70177800877638,740.2834017561314,589.5161899836139,1.3824121188894258,39.051502,"{""geodesic"":false,""type"":""Point"",""coordinates"":[76.43131440297704,13.144373816057868]}"
00000000000000000051_0,-27.391101927931828,755.6368574868428,0.7444033492720825,-20.300227409361018,-47.69132933729287,557.3913606018554,420.05559374592644,1.3720495895748384,41.944473,"{""geodesic"":false,""type"":""Point"",""coordinates"":[76.45835369302904,13.165304562177852]}"
00000000000000000052_0,-30.757787739957926,957.5396803514577,0.663660748407328,-20.592051466687302,-51.34983920664523,646.9493200882641,442.78029332206705,1.5221799786371109,35.257706,"{""geodesic"":false,""type"":""Point"",""coordinates"":[75.88648618315855,12.480339158036717]}"
00000000000000000053_0,-15.406993944932179,241.932650638691,0.5829805450947658,-8.806294203575447,-24.213288148507626,135.6285185426146,77.55136624808512,1.7502005632676494,36.804756,"{""geodesic"":false,""type"":""Point"",""coordinates"":[76.3453456302868,16.310126708823475]}"
00000000000000000054_0,-31.724430813813058,1019.6247981020499,0.6124907593889986,-19.238867209652714,-50.96329802346577,612.3696366375348,370.4937112054222,1.6451035938953937,35.046165,"{""geodesic"":false,""type"":""Point"",""coordinates"":[75.8890912974825,12.48276460930384]}"
00000000000000000055_0,-26.24947060838849,696.0226758325069,0.8147397290726369,-21.101477694725457,-47.35094830311395,551.0513374277295,455.6285745010025,1.27584545924321,35.257706,"{""geodesic"":false,""type"":""Point"",""coordinates"":[75.8853183732892,12.475667918559296]}"
00000000000000000056_0,-35.044284743817705,1293.6755969168048,0.6391781800439429,-21.257776295957434,-56.30206103977515,750.0511159853738,462.1576581232672,1.671430418912501,39.051502,"{""geodesic"":false,""type"":""Point"",""coordinates"":[76.42834996253944,13.14392465841581]}"
00000000000000000057_0,-35.63375345776075,1360.9199366973219,0.6844838474788749,-21.891494661986208,-57.52524811974696,757.2262955235482,486.77533080559186,1.6964278054727457,34.838425,"{""geodesic"":false,""type"":""Point"",""coordinates"":[75.89861343949417,12.479979831923071]}"
00000000000000000058_0,-13.028520718049629,170.788501643299,0.6130627118275003,-7.970184997581207,-20.998705715630837,104.2913823341715,64.17301418997396,1.6447255779999193,36.85147,"{""geodesic"":false,""type"":""Point"",""coordinates"":[77.77492457343462,12.966507389802203]}"
00000000000000000059_0,-28.06159742352225,788.3868165246115,0.8542777764466596,-23.841131419646448,-51.9027288431687,665.9703978838337,584.2542385486696,1.2208701707373586,35.047905,"{""geodesic"":false,""type"":""Point"",""coordinates"":[75.89951175477829,12.487256185724437]}"
0000000000000000005a_0,-29.890639221038985,901.8719996117716,0.7225250327271864,-21.455381212141305,-51.346020433180286,642.1749454367763,461.95315469327113,1.3961117435203438,44.154316,"{""geodesic"":false,""type"":""Point"",""coordinates"":[76.48521332002422,12.352688556163333]}"
0000000000000000005c_0,-33.80026394616168,1164.4354629960962,0.6275799595433897,-20.99498839620813,-54.79525234236981,715.7176242262917,443.9646296375251,1.6084412861353166,35.046165,"{""geodesic"":false,""type"":""Point"",""coordinates"":[75.89178624333486,12.473422130348997]}"
0000000000000000005d_0,-21.5449756162489,492.97933778997213,0.7199446237616832,-15.42566435342278,-36.97063996967168,348.6501908354308,252.0684565233579,1.4146698146888868,41.944473,"{""geodesic"":false,""type"":""Point"",""coordinates"":[76.4603299866541,13.165933382876737]}"
0000000000000000005e_0,-29.513183856499023,895.1811737114,0.730360621983795,-21.177264464794064,-50.69044832129309,629.7476837684802,449.6593845333345,1.387184073719891,35.046165,"{""geodesic"":false,""type"":""Point"",""coordinates"":[75.88945062359615,12.475128929388823]}"
0000000000000000005f_0,-20.733190632033597,450.82968943937544,0.6914274457158599,-14.236245668866522,-34.96943630090012,306.64567027216845,217.93112749180636,1.5098571068231006,41.94615,"{""geodesic"":false,""type"":""Point"",""coordinates"":[76.45961133442681,13.168987654842743]}"
00000000000000000060_0,-29.711710890245016,899.520542146855,0.8425310185308194,-24.639680431091563,-54.351391321336585,730.6576087242787,616.7298151840627,1.227603380725316,41.944473,"{""geodesic"":false,""type"":""Point"",""coordinates"":[76.46482156307471,13.150392528461468]}"
00000000000000000061_0,-24.009423542292268,579.9740425385615,0.6242158404974978,-14.704869046034474,-38.71429258832674,348.4783802927737,222.18195671448657,1.7007086298432101,36.804756,"{""geodesic"":false,""type"":""Point"",""coordinates"":[76.34615411404252,16.308419909783645]}"
00000000000000000062_0,-26.478799450440537,705.6185861377722,0.9151029947205108,-24.406545520384107,-50.88534497082464,655.2285110935401,614.4041491791393,1.1044424405434845,35.257706,"{""geodesic"":false,""type"":""Point"",""coordinates"":[75.88442005800508,12.475578087030884]}"
00000000000000000063_0,-31.80452906629574,1066.125208859076,0.6524716151729307,-19.901493001188875,-51.70602206748461,636.3198004453312,399.2204659683358,1.6016064238189034,39.051502,"{""geodesic"":false,""type"":""Point"",""coordinates"":[76.42619400585757,13.14769758260911]}"
00000000000000000064_0,-23.874499666832858,573.7671686511236,0.6491399646316628,-15.419226255359536,-39.29372592219238,368.51396254352613,244.18619698067596,1.5885503007535342,39.160614,"{""geodesic"":false,""type"":""Point"",""coordinates"":[77.32352114316456,12.3073236343153]}"
00000000000000000065_0,-25.478314903406957,653.2224528887208,0.5867597541415229,-14.806288033789272,-40.284602937196226,376.3011829274786,223.43264857325218,1.7537298136494701,39.160614,"{""geodesic"":false,""type"":""Point"",""coordinates"":[77.32774322499992,12.306604982088002]}"
00000000000000000066_0,-33.42415440920858,1148.255266834535,0.6170203280795791,-20.09729565950614,-53.52145006871474,674.4082004882724,413.31430152923093,1.6945230730028087,38.116367,"{""geodesic"":false,""type"":""Point"",""coordinates"":[75.94927842151851,14.796734949667316]}"
00000000000000000067_0,-31.108110270754263,1028.0080653159077,0.7195141788688372,-20.977670638749412,-52.08578090950368,644.4726339655775,445.9157002570234,1.5229984163099395,41.944473,"{""geodesic"":false,""type"":""Point"",""coordinates"":[76.46068931276776,13.164406246893734]}"
00000000000000000068_0,-19.82120728710579,413.3210148108858,0.678586431491338,-12.902867622651348,-32.72407490975713,256.84448043182346,173.20571100248443,1.581706876086594,41.944473,"{""geodesic"":false,""type"":""Point"",""coordinates"":[76.46365375320535,13.15686039850713]}"
00000000000000000069_0,-38.14984000659183,1542.689401390258,0.602360464094321,-21.161588324123375,-59.3114283307152,798.2638425676173,451.29215944934845,1.8368398068376517,35.046165,"{""geodesic"":false,""type"":""Point"",""coordinates"":[75.89232523250533,12.472344152008054]}"
0000000000000000006a_0,-30.764217300753575,1031.4925362665426,0.6567268048274735,-18.823242850562785,-49.587460151316364,579.8198679252441,355.2751896046699,1.6365115605794172,35.257706,"{""geodesic"":false,""type"":""Point"",""coordinates"":[75.88424039494825,12.482405283190193]}"
0000000000000000006b_0,-13.505580598135467,182.8656362589547,0.44610416146119847,-6.000741364283287,-19.50632196241875,80.88197774045919,36.632430481826304,2.2977756199021,36.85147,"{""geodesic"":false,""type"":""Point"",""coordinates"":[77.73710549997318,12.947103779665222]}"
0000000000000000006c_0,-24.936229329597023,628.3081974123199,0.6630164270961744,-16.43124972936961,-41.36747905896663,411.5281814145661,271.94280572318445,1.5217667308661382,39.160614,"{""geodesic"":false,""type"":""Point"",""coordinates"":[77.31867024063031,12.306604982088002]}"
0000000000000000006d_0,-24.816565744682404,616.9006018916223,0.8506716534299835,-21.087157735175918,-45.90372347985832,523.5900542881488,445.52742781381505,1.1786058730069686,35.046165,"{""geodesic"":false,""type"":""Point"",""coordinates"":[75.88693534080062,12.476835728428652]}"
0000000000000000006e_0,-33.01866389613676,1154.0824718683389,0.6959943990830602,-21.55986892670046,-54.57853282283722,698.6987890321512,485.94636147595224,1.6323843186548417,35.259426,"{""geodesic"":false,""type"":""Point"",""coordinates"":[75.88334207966413,12.48554938668461]}"
0000000000000000006f_0,-26.725906596405384,718.6370674747496,0.7726545261893915,-20.487891034423093,-47.21379763082847,547.0291968888533,421.148689751964,1.3099616862945629,44.154316,"{""geodesic"":false,""type"":""Point"",""coordinates"":[76.48638112989357,12.353407208390628]}"
00000000000000000070_0,-16.81254952196819,312.4835745353904,0.5755250726128626,-9.908532844319623,-26.721082366287817,189.06062163810034,117.66556474755795,1.7704537721116698,36.85147,"{""geodesic"":false,""type"":""Point"",""coordinates"":[77.734230891064,12.946924116608397]}"
00000000000000000071_0,-29.20238842965377,863.9488074887421,0.7088129404385428,-20.454378742185146,-49.65676717183892,599.0343112823628,418.9747609987897,1.4255568486818813,35.046165,"{""geodesic"":false,""type"":""Point"",""coordinates"":[75.88846247678362,12.482135788604957]}"
00000000000000000072_0,-32.769753798013944,1110.3315586518206,0.6167361291177778,-19.304705061631115,-52.074458859645055,627.000079562014,373.7739735606441,1.7167713126544584,35.257706,"{""geodesic"":false,""type"":""Point"",""coordinates"":[75.88693534080062,12.480159494979894]}"
00000000000000000073_0,-31.068713862192794,1033.7271766460997,0.7619311022207034,-23.090947321902817,-54.15966118409562,745.5927418743598,609.1099064283105,1.4764287029350291,39.051502,"{""geodesic"":false,""type"":""Point"",""coordinates"":[76.42664316349962,13.144194153001045]}"
00000000000000000074_0,-17.488585265801806,336.5887773265982,0.5409495784416972,-10.587048811425479,-28.07563407722729,223.653957720521,161.1698101606034,2.1564559043411724,36.85147,"{""geodesic"":false,""type"":""Point"",""coordinates"":[77.73432072259241,12.946744453551574]}"
00000000000000000075_0,-36.00116537638853,1417.6537405268812,0.5673831395927058,-19.33801003497701,-55.33917541136554,725.6807033347125,381.909618127783,1.8214581867914061,35.047905,"{""geodesic"":false,""type"":""Point"",""coordinates"":[75.89753546115323,12.487166354196027]}"
00000000000000000076_0,-36.37962600729766,1367.458148734031,0.5962501767936064,-20.28521374070408,-56.66483974800175,722.1429446346403,417.2845888690956,1.8532613284605954,34.840168,"{""geodesic"":false,""type"":""Point"",""coordinates"":[75.90005074394875,12.486627365025555]}"
00000000000000000077_0,-34.192192197511076,1233.4704015233874,0.6286540138828403,-20.170572565323724,-54.36276476283481,679.8652998369487,411.0425903461288,1.7368025104381828,35.047905,"{""geodesic"":false,""type"":""Point"",""coordinates"":[75.88819298219838,12.483483261531136]}"
00000000000000000079_0,-35.89912863222887,1345.9362582831177,0.6363370355564416,-21.694530779220795,-57.593659411449664,771.01648819794,486.1255317685359,1.7198155969426627,39.051502,"{""geodesic"":false,""type"":""Point"",""coordinates"":[76.42915844629516,13.145631457455636]}"
0000000000000000007a_0,-35.24754244489087,1280.5933945594593,0.575302185270516,-19.692324718090312,-54.93986716298118,691.7292724955752,388.21376724866445,1.7979608293441132,35.257706,"{""geodesic"":false,""type"":""Point"",""coordinates"":[75.88433022647666,12.482045957076544]}"
0000000000000000007b_0,-28.099465781123826,793.4966385288235,0.9050644381939656,-25.09574508867816,-53.19521086980198,699.5496777812587,638.2113815140576,1.1443929055167454,35.257706,"{""geodesic"":false,""type"":""Point"",""coordinates"":[75.88280309049367,12.478362864411654]}"
0000000000000000007c_0,-32.117970840178984,1047.002408358468,0.5819224572490664,-18.32522765784557,-50.44319849802454,585.9690827710804,336.720200187739,1.7645066867245167,35.047905,"{""geodesic"":false,""type"":""Point"",""coordinates"":[75.89097775957916,12.485459555156199]}"
0000000000000000007d_0,-36.540503935546255,1380.902540410796,0.612299927194285,-21.1278612815239,-57.668365217070146,750.1423088979893,456.9011786639006,1.8304826677343304,35.047905,"{""geodesic"":false,""type"":""Point"",""coordinates"":[75.88927096053932,12.486627365025555]}"
0000000000000000007e_0,-24.44650448102616,608.948596693886,0.6364757985035274,-15.284129998601026,-39.73063447962719,375.06365627650916,240.79067795702107,1.6466807290625562,37.21541,"{""geodesic"":false,""type"":""Point"",""coordinates"":[75.52644141728345,13.758102818168325]}"
0000000000000000007f_0,-34.45188721182114,1230.4360953112919,0.5455914136370813,-17.899144441123294,-52.35103165294443,610.3955777768526,322.3693238950294,1.9537429078569595,35.047905,"{""geodesic"":false,""type"":""Point"",""coordinates"":[75.89124725416438,12.483573093059547]}"
00000000000000000080_0,-34.63537662110342,1231.3879725482902,0.5999660972386398,-20.398543634848686,-55.033920255952104,712.465255620477,418.47751425860713,1.694174480925136,38.116367,"{""geodesic"":false,""type"":""Point"",""coordinates"":[75.95421915558117,14.794938319099076]}"
00000000000000000081_0,-12.419140758869716,156.60423122377372,0.47661255670648345,-5.791577258772934,-18.21071801764265,71.56009705822714,33.73775980252272,2.167629697631045,36.85147,"{""geodesic"":false,""type"":""Point"",""coordinates"":[77.73530886940495,12.947373274250456]}"
00000000000000000082_0,-31.7904487882955,1076.427516637128,0.6952832425720957,-21.688175530444962,-53.47862431874047,719.5837787826516,495.86770116930956,1.4908925407983222,40.153378,"{""geodesic"":false,""type"":""Point"",""coordinates"":[76.43194322367593,13.14392465841581]}"
00000000000000000083_0,-27.057711239008533,734.3980636844999,0.7514394876710633,-20.346882717824286,-47.40459395683281,552.6749598139037,416.85575510232525,1.334217733325726,34.423885,"{""geodesic"":false,""type"":""Point"",""coordinates"":[75.901847374517,12.475757750087709]}"
00000000000000000084_0,-30.695863949651162,990.0667439367022,0.6472309398342899,-19.305172248364048,-50.00103619801521,602.0585386411311,374.64850970917985,1.5742626071341803,35.257706,"{""geodesic"":false,""type"":""Point"",""coordinates"":[75.88585736245967,12.480608652621953]}"
00000000000000000085_0,-29.689078409700883,884.3185711836546,0.8040812872621242,-23.90449706663503,-53.593575476335914,712.9382954381862,575.0779165165234,1.244370248693934,35.046165,"{""geodesic"":false,""type"":""Point"",""coordinates"":[75.89079809652233,12.474320445633117]}"
00000000000000000086_0,-24.965179712711144,624.8716402513783,0.8394003110531213,-20.863482820869212,-45.828662533580356,519.7461470269575,441.0787642254532,1.213452654229088,35.257706,"{""geodesic"":false,""type"":""Point"",""coordinates"":[75.88343191119255,12.479261179695774]}"
00000000000000000087_0,-17.75269189115357,326.8316207459748,0.7040041303128813,-12.042769709160623,-29.795461600314198,212.51598751876088,148.75720341507596,1.518017926098997,41.944473,"{""geodesic"":false,""type"":""Point"",""coordinates"":[76.46365375320535,13.156770566978718]}"
00000000000000000088_0,-38.782340683316235,1545.3845112082618,0.5037159365657079,-18.77726850731301,-57.559609190629246,719.1879542746685,354.5636043818475,2.103203500074195,35.047905,"{""geodesic"":false,""type"":""Point"",""coordinates"":[75.8906184334655,12.485639218213024]}"
00000000000000000089_0,-29.479633598798337,873.8098222013673,0.6304339104488139,-18.150748406144167,-47.630382004942504,524.7272514104608,353.88340385204094,1.8075024226122058,35.046165,"{""geodesic"":false,""type"":""Point"",""coordinates"":[75.89115742263597,12.481596799434485]}"
0000000000000000008a_0,-33.2094681437093,1121.6135629011615,0.5831861795891993,-19.26091026814263,-52.470378411851925,647.3039280943399,374.6614211938514,1.720895746212391,35.047905,"{""geodesic"":false,""type"":""Point"",""coordinates"":[75.89034893888027,12.485729049741435]}"
0000000000000000008b_0,-27.802473229412147,774.3011517482848,0.7538080502921832,-20.922888655614152,-48.725361885026295,581.7147498561571,437.84640997104503,1.3290354754024336,44.154316,"{""geodesic"":false,""type"":""Point"",""coordinates"":[76.50282029959295,12.381254982198335]}"
0000000000000000008c_0,-26.139015947311933,702.6006731512119,0.6267901392341395,-16.35831181167977,-42.497327758991695,438.00162078246785,284.5480828108589,1.6536069811791596,39.051502,"{""geodesic"":false,""type"":""Point"",""coordinates"":[76.42439737528932,13.14679926732499]}"
0000000000000000008d_0,-32.15453543156698,1106.0832548025753,0.7284883305481284,-22.148855938486246,-54.30339137005321,714.4889777545179,504.04708113015937,1.4890315446925355,39.051502,"{""geodesic"":false,""type"":""Point"",""coordinates"":[76.4295177724088,13.145721288984047]}"
0000000000000000008e_0,-31.411906076630018,1068.279195370568,0.788083639466401,-23.436708139568427,-54.84861421619845,745.6090209067363,551.0573536287401,1.327691471088512,35.046165,"{""geodesic"":false,""type"":""Point"",""coordinates"":[75.88927096053932,12.474050951047882]}"
0000000000000000008f_0,-30.029387561912788,931.6449986983212,0.6866485591823004,-19.86056758287554,-49.88995514478834,591.3507632533451,397.5631960611853,1.5391738999610962,35.047905,"{""geodesic"":false,""type"":""Point"",""coordinates"":[75.89043877040868,12.485279892099374]}"
00000000000000000090_0,-28.135576300333245,799.6674677534293,0.7261055184888007,-20.222422980844726,-48.357999281177975,569.0539531243012,409.3271333809847,1.3922698337209396,35.257706,"{""geodesic"":false,""type"":""Point"",""coordinates"":[75.88648618315855,12.481327304849248]}"
00000000000000000091_0,-29.220049056877734,856.2116486087593,0.746985188668204,-21.822925188193608,-51.04297424507133,639.3726109947316,482.73689132337336,1.3533290475879993,44.26184,"{""geodesic"":false,""type"":""Point"",""coordinates"":[74.92978040557126,15.219571953902374]}"
00000000000000000092_0,-27.32821984109941,752.2758392384903,0.7720722245312337,-20.806109667329064,-48.13432950842848,564.3739761007538,438.6247630701383,1.3410522959749738,39.160614,"{""geodesic"":false,""type"":""Point"",""coordinates"":[77.31292102281193,12.305347340690236]}"
00000000000000000093_0,-28.185427943156355,819.8268556240546,0.5305869226548375,-14.550303797145782,-42.73573174030213,410.432053656702,216.29931878045227,1.975460889666778,38.11612,"{""geodesic"":false,""type"":""Point"",""coordinates"":[75.95745309060399,14.793141688530838]}"
00000000000000000094_0,-30.624215696939864,951.2597318593522,0.7129092171727296,-21.547703841298283,-52.171919538238136,660.3989764698408,465.312563163837,1.4227538444109287,44.26184,"{""geodesic"":false,""type"":""Point"",""coordinates"":[74.93184653072474,15.218134649447784]}"
00000000000000000095_0,-20.334555788173308,415.61592981445585,0.5164043945946547,-10.512754385629822,-30.84731017380314,214.9644662777912,117.58515052207885,2.0640913797093225,44.154316,"{""geodesic"":false,""type"":""Point"",""coordinates"":[76.47587084106937,12.353047882276982]}"
00000000000000000096_0,-38.57568329280698,1559.2631684732783,0.6005811236044966,-21.993247555338566,-60.56893084814554,845.508228823731,487.47170925530463,1.770398275177533,35.257706,"{""geodesic"":false,""type"":""Point"",""coordinates"":[75.88513871023237,12.476117076201355]}"
00000000000000000097_0,-25.094923203386827,663.9365831118031,0.5796414485564942,-14.04976101844392,-39.14468422183075,353.9471171646903,198.82402533380593,1.7934069592284505,39.051502,"{""geodesic"":false,""type"":""Point"",""coordinates"":[76.42448720681773,13.136738136142853]}"
00000000000000000098_0,-30.69321731688349,963.5008151314328,0.7984867494193758,-24.1404591624834,-54.83367647936688,747.9427921758224,585.174357098125,1.264525694209388,35.046165,"{""geodesic"":false,""type"":""Point"",""coordinates"":[75.89690664045435,12.480788315678778]}"
00000000000000000099_0,-29.24038550808158,859.1366340507495,0.7209718726505335,-21.104024790426212,-50.344410298507796,620.731428093045,448.59127073750483,1.3873638516231521,35.257706,"{""geodesic"":false,""type"":""Point"",""coordinates"":[75.8831624166073,12.477284886070711]}"
0000000000000000009a_0,-29.615716599215457,896.177878767862,0.828958263837752,-23.89730208444891,-53.51301868366437,706.0688201438284,580.877874081946,1.2631415030214892,41.944473,"{""geodesic"":false,""type"":""Point"",""coordinates"":[76.45898251372792,13.167999508030212]}"
0000000000000000009b_0,-24.493182146632275,609.8027406246282,0.6676760038779468,-16.17160903765079,-40.66479118428306,398.20406063439157,272.46765169040685,1.5661254852074187,44.26184,"{""geodesic"":false,""type"":""Point"",""coordinates"":[74.92942107945761,15.219931280016022]}"
0000000000000000009c_0,-32.49446651246929,1106.367128974005,0.8210087839547867,-24.905806231071637,-57.400272743540924,786.0397213295302,643.9279989996794,1.3822499572132736,34.840168,"{""geodesic"":false,""type"":""Point"",""coordinates"":[75.90076939617606,12.484830734457315]}"
0000000000000000009d_0,-30.03455527786317,924.7290822697186,0.7198471170586696,-21.129254185544454,-51.16380946340763,633.4032945666962,446.9720850231592,1.425699072228431,44.154316,"{""geodesic"":false,""type"":""Point"",""coordinates"":[76.50246097347932,12.380805824556274]}"
0000000000000000009e_0,-27.237929102407314,754.4240883363202,0.9679283370368235,-26.03149541393443,-53.26942451634174,713.58201736663,690.452279458812,1.061632331558809,35.046165,"{""geodesic"":false,""type"":""Point"",""coordinates"":[75.8890014659541,12.476386570786591]}"
0000000000000000009f_0,-28.08452030940596,799.4389409715952,0.7635081124171077,-21.378403774111952,-49.46292408351791,606.4102374917678,461.02918778613014,1.3125339220026793,35.257706,"{""geodesic"":false,""type"":""Point"",""coordinates"":[75.88576753093126,12.475667918559296]}"
000000000000000000a0_0,-33.77742828067505,1179.7946258874263,0.7471592716149137,-23.748637697384723,-57.52606597805979,778.5092304659069,578.464158319927,1.5067232141584834,35.257706,"{""geodesic"":false,""type"":""Point"",""coordinates"":[75.88442005800508,12.477554380655947]}"
000000000000000000a1_0,-19.773542367271023,391.2556813687287,0.5634618260652609,-11.11089284017116,-30.884435207442184,219.24182686538393,124.25700203011466,1.7950851946813304,36.804756,"{""geodesic"":false,""type"":""Point"",""coordinates"":[76.34705242932664,16.307701257556353]}"
000000000000000000a2_0,-30.074826266210962,965.7424568996398,0.6820865107791437,-20.01231590594498,-50.08714217215596,623.2201795582254,417.69730193010395,1.5178288173574117,39.051502,"{""geodesic"":false,""type"":""Point"",""coordinates"":[76.42888895170992,13.140600891864565]}"
000000000000000000a3_0,-14.62879870715661,217.2036502885039,0.5665766282134262,-8.09466711878348,-22.72346582594009,117.42911226232435,68.5537518695262,1.9361625548015649,36.85147,"{""geodesic"":false,""type"":""Point"",""coordinates"":[77.75246669133162,12.95258350289835]}"
000000000000000000a4_0,-20.261783609070307,437.64670519704157,0.6607459581657383,-13.593514009827501,-33.85529761889781,295.89246796204367,207.9645706609518,1.557538843277167,36.85147,"{""geodesic"":false,""type"":""Point"",""coordinates"":[77.73468004870605,12.948002094949342]}"
000000000000000000a5_0,-26.8525388489108,726.61822669617,0.7787100214720868,-20.788218679634163,-47.640757528544974,560.0972925721782,433.794816178462,1.2922693708369266,44.154316,"{""geodesic"":false,""type"":""Point"",""coordinates"":[76.48647096142199,12.35250889310651]}"
000000000000000000a6_0,-36.197352003719956,1311.417427228036,0.5895302131628717,-21.41949836975229,-57.61685037347225,778.8810396322793,469.6145044284492,1.72498780976483,35.047905,"{""geodesic"":false,""type"":""Point"",""coordinates"":[75.88927096053932,12.48644770196873]}"
000000000000000000a7_0,-31.45110614201757,1038.1845402739543,0.7182861715054177,-21.20524114639396,-52.65634728841153,657.5918014995874,463.79128569127073,1.5398519662829417,35.259426,"{""geodesic"":false,""type"":""Point"",""coordinates"":[75.88693534080062,12.483303598474311]}"
000000000000000000a8_0,-32.94763303067537,1156.0510450215081,0.6124430764464257,-19.040593738693143,-51.9882267693685,622.1174699293499,366.94361955682075,1.7655293818832516,35.047905,"{""geodesic"":false,""type"":""Point"",""coordinates"":[75.89115742263597,12.486178207383496]}"
000000000000000000a9_0,-35.33676659898025,1275.62787844889,0.6345242241960755,-22.20107572650225,-57.53784232548251,792.8986363985192,498.4421675955361,1.59470329274305,38.116367,"{""geodesic"":false,""type"":""Point"",""coordinates"":[75.95233269348452,14.797184107309375]}"
000000000000000000aa_0,-23.768766809291936,596.5241607413383,0.6389064810872964,-14.916567802651986,-38.685334611943915,366.75148920341485,244.12171837641895,1.6805058480559527,41.944473,"{""geodesic"":false,""type"":""Point"",""coordinates"":[76.43526699022716,13.141409375620274]}"
000000000000000000ab_0,-35.834360443813466,1331.4659072432141,0.6262964968483422,-22.000775387961145,-57.835135831774615,802.4749153417804,491.4096158443197,1.6256737045921714,35.259426,"{""geodesic"":false,""type"":""Point"",""coordinates"":[75.88819298219838,12.48554938668461]}"
000000000000000000ad_0,-16.56925142850336,281.7288624624026,0.6173108835090404,-10.110309902212814,-26.679561330716176,170.1986399473471,108.1950023601163,1.7217134867976327,39.051502,"{""geodesic"":false,""type"":""Point"",""coordinates"":[76.43140423450545,13.145182299813577]}"
000000000000000000ae_0,-34.21673750507103,1209.3792100120215,0.7624520105045113,-24.892369121841188,-59.109106626912215,836.2636403156282,637.2107995169238,1.4443483124237024,39.051502,"{""geodesic"":false,""type"":""Point"",""coordinates"":[76.4295177724088,13.14446364758628]}"
000000000000000000af_0,-28.615225284411427,831.2374336072362,0.7990714955079687,-22.368219695305562,-50.98344497971698,635.491835003859,502.0473742166024,1.2930892268616296,34.840168,"{""geodesic"":false,""type"":""Point"",""coordinates"":[75.90175754298859,12.485639218213024]}"
000000000000000000b0_0,-12.504096782913603,156.91451160272413,0.43364056655671107,-5.440615311655004,-17.944712094568604,68.50582893241938,30.14368680896748,2.3234089167487713,36.85147,"{""geodesic"":false,""type"":""Point"",""coordinates"":[77.73647667927429,12.947103779665222]}"
000000000000000000b1_0,-32.90831437037765,1137.9205572253315,0.7077014486767577,-22.460669255177812,-55.368983625555465,744.6760435856041,520.862835847258,1.5091645362195825,39.051502,"{""geodesic"":false,""type"":""Point"",""coordinates"":[76.42978726699404,13.143295837716924]}"
000000000000000000b2_0,-33.75275176158604,1190.311062832695,0.7246536827485083,-23.30346159071299,-57.05621335229904,778.6507063878423,557.1404153815447,1.5093349753504077,39.051502,"{""geodesic"":false,""type"":""Point"",""coordinates"":[76.42879912018151,13.145811120512459]}"
000000000000000000b3_0,-25.181748567312994,641.687547345894,0.6273044180838354,-15.899413863242707,-41.08116243055569,408.1591907222029,271.6095977854861,1.6696666124645951,44.26184,"{""geodesic"":false,""type"":""Point"",""coordinates"":[74.93184653072474,15.221009258356966]}"
000000000000000000b4_0,-28.791807945450888,867.6485053943895,0.7487423739659369,-20.76542833156825,-49.55723627701913,598.6330776099154,439.4625428406948,1.407364805355723,41.944473,"{""geodesic"":false,""type"":""Point"",""coordinates"":[76.46248594333599,13.155333262524127]}"
000000000000000000b5_0,-34.73127427826432,1306.110107962773,0.5780751443266042,-18.961858856781056,-53.693133135045386,677.5214105788177,363.9406798365053,1.8018723584078122,35.257706,"{""geodesic"":false,""type"":""Point"",""coordinates"":[75.88334207966413,12.480518821093542]}"
000000000000000000b6_0,-33.064445221407,1138.4660564188325,0.6492029676096849,-20.06108382457005,-53.125529045977046,646.030899106006,411.53962320535777,1.7265016444209325,35.257706,"{""geodesic"":false,""type"":""Point"",""coordinates"":[75.88657601468697,12.480339158036717]}"
000000000000000000b7_0,-37.45631542812369,1499.9994453976738,0.516044553139609,-18.399165558596497,-55.85548098672019,708.2355494691315,343.6070041428991,2.0110395296260917,34.840168,"{""geodesic"":false,""type"":""Point"",""coordinates"":[75.8996015863067,12.483483261531136]}"
000000000000000000b8_0,-36.04287157174371,1330.2153135405486,0.566894083884071,-20.042271896466577,-56.08514346821029,727.9039407365802,427.41620272902117,1.8844423374229824,35.259426,"{""geodesic"":false,""type"":""Point"",""coordinates"":[75.88729466691426,12.484291745286843]}"
000000000000000000b9_0,-31.779608865906603,1123.5566310470172,0.780599840224946,-22.921225965610923,-54.700834831517525,753.2315791151468,531.1897454922015,1.355995287290747,35.046165,"{""geodesic"":false,""type"":""Point"",""coordinates"":[75.89807445032369,12.48006966345148]}"
000000000000000000bb_0,-20.821229572791967,438.13274792336944,0.45100835090528474,-9.374197210120197,-30.195426782912175,197.24910682767626,92.84045452627409,2.289405216307359,39.160614,"{""geodesic"":false,""type"":""Point"",""coordinates"":[77.3171431046473,12.306425319031177]}"
000000000000000000bc_0,-35.15603122930158,1281.713497715339,0.6576465753541936,-22.114813085085448,-57.27084431438703,770.396358873185,516.0695488282644,1.6866622624257206,39.051502,"{""geodesic"":false,""type"":""Point"",""coordinates"":[76.42969743546563,13.141050049506626]}"
000000000000000000bd_0,-32.262406910711334,1076.6072006777763,0.9550819677380475,-28.60390528440871,-60.86631219512005,876.0444157800831,939.2779340586026,1.3896280319597702,35.047905,"{""geodesic"":false,""type"":""Point"",""coordinates"":[75.89726596656799,12.487256185724437]}"
000000000000000000be_0,-26.541275963301164,705.9916347789318,0.526199927479321,-13.997336183563275,-40.538612146864445,373.1354156248405,198.98831311602393,1.9216844544555722,34.840168,"{""geodesic"":false,""type"":""Point"",""coordinates"":[75.89915242866464,12.48186629401972]}"
000000000000000000bf_0,-28.14949952638931,823.3075678052077,0.5330898768775691,-15.13212874121276,-43.28162826760207,444.4777040394625,243.28346755453646,1.9022242339824806,35.046165,"{""geodesic"":false,""type"":""Point"",""coordinates"":[75.88828281372679,12.4771950545423]}"
000000000000000000c0_0,-16.106390128606307,260.624453669979,0.6746932906750827,-10.853834199613388,-26.960224328219695,175.43322262110402,118.49579309895472,1.4875450422858711,44.154316,"{""geodesic"":false,""type"":""Point"",""coordinates"":[76.48692011906404,12.351790240879215]}"
000000000000000000c1_0,-27.73603717953653,776.9722503016485,0.7860290426379125,-21.655610362797255,-49.3916475423338,602.3423102769372,469.6653904684616,1.2792035189992128,34.840168,"{""geodesic"":false,""type"":""Point"",""coordinates"":[75.900320238534,12.485729049741435]}"
000000000000000000c2_0,-14.97828784705789,225.1659429173823,0.45138263238954973,-6.737517166401081,-21.715805013458972,100.93001828588693,45.53988041379577,2.230292659945311,36.85147,"{""geodesic"":false,""type"":""Point"",""coordinates"":[77.77240929063908,12.964710759233963]}"
000000000000000000c3_0,-29.27586979424592,866.6684535318254,0.7212490330751373,-20.82338733777589,-50.099257132021805,609.1290347648337,438.82158119078383,1.4243623942469004,35.046165,"{""geodesic"":false,""type"":""Point"",""coordinates"":[75.89151674874962,12.473601793405821]}"
000000000000000000c6_0,-23.44520210613912,549.7578996109962,0.8253191943185594,-19.345656453252726,-42.79085855939185,453.53261178465067,374.2657779448092,1.212027893917512,36.804756,"{""geodesic"":false,""type"":""Point"",""coordinates"":[76.3550474353553,16.302760523493692]}"
000000000000000000c7_0,-21.18521990690471,449.2359297021647,0.6037022614293235,-12.762848019482297,-33.948067926387004,270.05032804746156,165.10472687766165,1.6839460758618665,39.160614,"{""geodesic"":false,""type"":""Point"",""coordinates"":[77.32666524665898,12.307143971258474]}"
