system:index,AOT,B1,B11,B12,B2,B3,B4,B5,B6,B7,B8,B8A,B9,DI,EVI,MNDWI,MSK_CLDPRB,MSK_SNWPRB,NDBI,NDTI,NDVI,QA10,QA20,QA60,SCL,TCI_B,TCI_G,TCI_R,WVP,.geo
00000000000000000000_0,291,445,2987,2542,633,978,1530,1798,1957,2136,2098,2261,2398,0.18187101,0.21740794610732606,-0.50668347,0,0,0.17482792,-0.44431818,0.1565601,0,0,0,5,65,100,156,1874,"{""geodesic"":false,""type"":""Point"",""coordinates"":[78.73639142202774,11.660626461277655]}"
00000000000000000001_0,231,966,2873,2712,874,1138,1423,1727,1842,1923,1782,2041,2189,0.09465021,0.23831651619755706,-0.43256044,0,0,0.23437165,-0.40883118,0.11201248,0,0,0,5,90,116,146,1882,"{""geodesic"":false,""type"":""Point"",""coordinates"":[77.03920435574072,11.046627964581962]}"
00000000000000000002_0,290,828,2546,1948,1080,1236,1362,1577,1790,1962,2260,2121,2076,0.20300375,0.962280325760823,-0.34637758,0,0,0.059508946,-0.22361809,0.24792932,0,0,0,7,113,127,139,1836,"{""geodesic"":false,""type"":""Point"",""coordinates"":[77.80959954340163,11.794475438611464]}"
00000000000000000003_0,262,333,1869,1069,378,564,436,979,1907,2211,2370,2459,2452,0.44380108,2.2467472118959106,-0.53637487,0,0,-0.118188255,-0.30924678,0.68923736,0,0,0,4,41,58,46,1479,"{""geodesic"":false,""type"":""Point"",""coordinates"":[78.72156921983976,11.931199024854454]}"
00000000000000000004_0,204,1186,2861,2578,1344,1622,1792,1979,2132,2207,2118,2286,2260,0.084867634,0.2920100322465066,-0.27637744,0,0,0.14922675,-0.22761905,0.08337596,0,0,0,5,138,165,183,3226,"{""geodesic"":false,""type"":""Point"",""coordinates"":[80.28724292853168,13.116526042250163]}"
00000000000000000005_0,287,591,3727,3139,714,1005,1742,2066,2207,2379,2358,2488,2837,0.18975462,0.2065450643776824,-0.57523245,0,0,0.22497946,-0.51496136,0.15024391,0,0,0,5,73,103,176,2228,"{""geodesic"":false,""type"":""Point"",""coordinates"":[77.84669996463576,11.83112670220354]}"
00000000000000000006_0,271,297,2060,1214,446,671,605,1111,2095,2323,2634,2545,2420,0.42696458,1.7371575342465753,-0.5086049,0,0,-0.122283764,-0.28806368,0.6264279,0,0,0,4,46,71,63,1865,"{""geodesic"":false,""type"":""Point"",""coordinates"":[78.74932716211906,11.8030094338106]}"
00000000000000000007_0,297,536,1965,1410,641,834,720,1132,1907,2118,2014,2208,2354,0.27880442,2.1178396072013093,-0.40407288,0,0,-0.012314652,-0.25668448,0.4732992,0,0,0,5,64,85,74,2423,"{""geodesic"":false,""type"":""Point"",""coordinates"":[79.0720918437032,12.426799567103194]}"
00000000000000000008_0,102,379,1822,1070,292,441,412,794,1418,1682,1824,1899,2035,0.4140004,1.6753678215472234,-0.6102519,0,0,-5.485464E-4,-0.4162806,0.6314848,0,0,0,4,30,45,41,894,"{""geodesic"":false,""type"":""Point"",""coordinates"":[77.05681133530946,10.745333018288274]}"
00000000000000000009_0,234,676,4170,3326,921,1302,2016,2341,2478,2689,2768,2974,2921,0.19972333,0.2362551052466227,-0.52412283,0,0,0.20207553,-0.43733793,0.15719064,0,0,0,5,94,133,207,1850,"{""geodesic"":false,""type"":""Point"",""coordinates"":[77.06318937382672,10.781265629653054]}"
0000000000000000000a_0,292,548,1963,1399,622,835,759,1314,2016,2339,2364,2466,2473,0.31900623,1.7801685891748003,-0.4031451,0,0,-0.092673905,-0.25246194,0.5139289,0,0,0,5,64,86,77,2480,"{""geodesic"":false,""type"":""Point"",""coordinates"":[79.10299388947692,12.438208171211512]}"
0000000000000000000b_0,203,739,3622,2917,913,1296,1694,2129,2697,3039,3174,3385,3481,0.23462622,0.5699761226218901,-0.47295648,0,0,0.06592113,-0.38476145,0.3040263,0,0,0,5,91,132,173,2509,"{""geodesic"":false,""type"":""Point"",""coordinates"":[79.26415165144796,10.226735604766073]}"
0000000000000000000c_0,297,635,3225,2259,766,1040,1368,1814,2508,3064,2871,3339,3428,0.29771155,0.704311152764761,-0.5123095,0,0,0.058070865,-0.3695059,0.35456476,0,0,0,5,78,107,138,2473,"{""geodesic"":false,""type"":""Point"",""coordinates"":[79.0720918437032,12.435603056887565]}"
0000000000000000000d_0,281,376,2473,1644,577,750,917,1190,1644,1905,2104,2177,2317,0.3131545,0.9048635462722976,-0.5345951,0,0,0.0806205,-0.3734336,0.39291626,0,0,0,5,59,77,91,1505,"{""geodesic"":false,""type"":""Point"",""coordinates"":[78.69327228839,11.924820986337206]}"
0000000000000000000e_0,203,902,2854,2732,1060,1318,1512,1638,1670,1738,1726,1803,1791,0.06141367,0.18778518778518777,-0.36816874,0,0,0.24628821,-0.34913582,0.06609018,0,0,0,5,107,134,154,2417,"{""geodesic"":false,""type"":""Point"",""coordinates"":[79.69983456424592,10.357979467775937]}"
0000000000000000000f_0,253,369,2330,1815,513,666,829,1168,1481,1632,1780,1880,2079,0.2471552,0.817712811693895,-0.5554072,0,0,0.13381995,-0.46311972,0.36450747,0,0,0,5,50,68,82,1401,"{""geodesic"":false,""type"":""Point"",""coordinates"":[78.9240494848803,12.707073935748484]}"
00000000000000000010_0,204,1175,3345,3079,2276,2722,3138,3410,3424,3677,3602,3785,2878,0.089896455,0.21637754150345084,-0.102686666,100,0,-0.036994386,-0.061541114,0.06884273,0,0,0,5,233,255,255,3490,"{""geodesic"":false,""type"":""Point"",""coordinates"":[80.22265405960349,13.11544806390922]}"
00000000000000000011_0,275,300,2040,1351,458,602,778,993,1324,1528,1650,1801,1760,0.307815,0.755894590846047,-0.54428464,0,0,0.10569106,-0.38351256,0.35914332,0,0,0,5,47,62,80,1387,"{""geodesic"":false,""type"":""Point"",""coordinates"":[78.696326560356,11.898949506154564]}"
00000000000000000012_0,288,634,2637,2087,881,1054,1256,1573,1908,2099,2188,2226,2275,0.21139844,0.7473937449879711,-0.42888105,0,0,0.09305699,-0.32887617,0.27061558,0,0,0,5,90,108,127,2169,"{""geodesic"":false,""type"":""Point"",""coordinates"":[77.84229821974358,11.790433019832925]}"
00000000000000000013_0,296,505,2332,1757,693,959,1186,1419,1712,1874,2132,2181,2537,0.24345404,0.5837344193508577,-0.41719842,0,0,0.044802867,-0.29381442,0.28511152,0,0,0,5,70,99,121,1809,"{""geodesic"":false,""type"":""Point"",""coordinates"":[78.70036897913454,11.628736268691412]}"
00000000000000000014_0,297,544,3253,2330,637,919,1054,2007,2297,2662,2340,2914,2995,0.2650984,0.8270096463022508,-0.5594439,0,0,0.16323976,-0.43428746,0.37890396,0,0,0,5,68,95,107,2394,"{""geodesic"":false,""type"":""Point"",""coordinates"":[79.07029521313497,12.422218159154184]}"
00000000000000000015_0,250,359,2478,1500,409,716,710,1239,2045,2260,2382,2569,2484,0.37365744,1.1690672633198154,-0.55165935,0,0,0.019753087,-0.3537906,0.5407503,0,0,0,4,42,73,72,2074,"{""geodesic"":false,""type"":""Point"",""coordinates"":[77.6080175936452,11.923383681882614]}"
00000000000000000016_0,238,1182,2720,2171,956,1322,1698,1608,2226,2351,2465,2600,2735,0.19497581,0.34965353756382206,-0.34586838,0,0,0.04918033,-0.24305755,0.18424213,0,0,0,5,106,136,169,2017,"{""geodesic"":false,""type"":""Point"",""coordinates"":[77.07926921741246,11.056778927292513]}"
00000000000000000017_0,204,1212,2734,2440,1252,1472,1678,1885,2074,2037,2014,2267,2304,0.096535794,0.311919792053472,-0.30004755,0,0,0.1516428,-0.24744377,0.09100758,0,0,0,5,130,148,169,3109,"{""geodesic"":false,""type"":""Point"",""coordinates"":[80.25526290441702,13.086162985646922]}"
00000000000000000018_0,257,445,3341,2624,636,868,1326,1513,1717,1923,2084,2143,2034,0.21677694,0.35951432365774993,-0.58755046,0,0,0.23170507,-0.5028637,0.22228739,0,0,0,5,67,89,137,1618,"{""geodesic"":false,""type"":""Point"",""coordinates"":[78.99564521302463,12.802654681978803]}"
00000000000000000019_0,286,350,1947,1411,453,648,792,1081,1469,1653,1742,1851,1880,0.2835769,0.7667473769168685,-0.50057805,0,0,0.055570614,-0.37056825,0.37490135,0,0,0,5,46,66,80,2125,"{""geodesic"":false,""type"":""Point"",""coordinates"":[78.44623558525713,11.280639096095097]}"
0000000000000000001a_0,235,770,3651,3243,926,1224,1646,1990,2356,2430,2646,2656,2590,0.17001115,0.44818931516672644,-0.49784616,0,0,0.15959981,-0.4519812,0.2329916,0,0,0,5,95,125,169,2043,"{""geodesic"":false,""type"":""Point"",""coordinates"":[76.97245953013065,10.780726640482584]}"
0000000000000000001b_0,247,376,2454,1573,440,661,807,1276,1814,2036,2046,2390,2333,0.33650133,0.8630537754249095,-0.57560194,0,0,0.09066667,-0.40823635,0.4342797,0,0,0,5,42,67,83,2126,"{""geodesic"":false,""type"":""Point"",""coordinates"":[77.63865014483368,11.908112322052583]}"
0000000000000000001c_0,239,505,2891,2067,590,863,1192,1552,1776,2004,1936,2312,2064,0.24455331,0.39879931389365353,-0.5402238,0,0,0.19784546,-0.4109215,0.23785166,0,0,0,5,61,88,122,1631,"{""geodesic"":false,""type"":""Point"",""coordinates"":[77.647004476976,11.918622610876781]}"
0000000000000000001d_0,202,984,4617,4063,1222,1748,2266,3046,3392,3607,3570,3911,3710,0.16973853,0.4073981504623844,-0.45074627,0,0,0.12788567,-0.39838237,0.2234407,0,0,0,5,125,178,231,2409,"{""geodesic"":false,""type"":""Point"",""coordinates"":[79.14225026739294,9.928045772796333]}"
0000000000000000001e_0,203,782,4487,3828,1194,1692,2166,2321,2813,2978,3294,3329,3238,0.16998722,0.38440567066521264,-0.45233858,0,0,0.15332219,-0.3869565,0.20659341,0,0,0,5,122,172,221,2470,"{""geodesic"":false,""type"":""Point"",""coordinates"":[79.7387316160483,10.374418637475323]}"
0000000000000000001f_0,292,532,3377,2661,728,940,1290,1701,1966,2218,2202,2433,2184,0.2154684,0.5085879991077403,-0.5645124,0,0,0.21061122,-0.4779228,0.2611684,0,0,0,5,73,97,130,2403,"{""geodesic"":false,""type"":""Point"",""coordinates"":[79.09320225288,12.413773995483462]}"
00000000000000000020_0,264,217,2001,1313,328,574,537,1010,1467,1693,1810,1867,1864,0.33766234,1.2368830159347066,-0.5541748,0,0,0.050118078,-0.39162692,0.5423945,0,0,0,5,36,59,54,1518,"{""geodesic"":false,""type"":""Point"",""coordinates"":[78.63110887072892,11.86661015592626]}"
00000000000000000021_0,258,444,3144,2362,650,907,1348,1554,1782,1991,2052,2141,2410,0.22764324,0.3342195214584125,-0.5522093,0,0,0.21016166,-0.44509023,0.20705882,0,0,0,5,67,92,138,1335,"{""geodesic"":false,""type"":""Point"",""coordinates"":[78.64341579012137,11.852416774437172]}"
00000000000000000022_0,265,281,2057,1378,387,523,656,886,1248,1443,1598,1669,1653,0.31569475,0.8945868945868946,-0.5945736,0,0,0.1255814,-0.44976327,0.4179237,0,0,0,5,40,52,65,1617,"{""geodesic"":false,""type"":""Point"",""coordinates"":[79.00974876298531,12.788371468961302]}"
00000000000000000023_0,296,373,2824,2258,609,920,1564,1818,2051,2374,2304,2362,2767,0.23477004,0.2597767324299656,-0.508547,0,0,0.101404056,-0.4210195,0.19131334,0,0,0,5,63,96,159,1958,"{""geodesic"":false,""type"":""Point"",""coordinates"":[78.72300652429436,11.643917796993032]}"
00000000000000000024_0,202,1107,4255,3247,1344,1854,2476,3072,3383,3579,3828,3969,4115,0.22618325,0.3927948866937827,-0.39302668,0,0,0.052826922,-0.27308372,0.214467,0,0,0,5,137,189,252,2322,"{""geodesic"":false,""type"":""Point"",""coordinates"":[79.14629268617148,9.943676458740013]}"
00000000000000000025_0,266,302,1860,1104,354,520,517,828,1622,1916,2024,2172,2206,0.41031227,1.5240695792880259,-0.56302524,0,0,-0.04222451,-0.3596059,0.5930736,0,0,0,4,35,53,53,1651,"{""geodesic"":false,""type"":""Point"",""coordinates"":[78.7548967168806,11.821245234078225]}"
00000000000000000026_0,238,727,2518,2169,783,1017,1389,1578,1654,1784,1808,1917,2220,0.1517572,0.24528743706825898,-0.42461103,0,0,0.16412391,-0.36158192,0.13106036,0,0,0,5,78,103,144,1851,"{""geodesic"":false,""type"":""Point"",""coordinates"":[77.08025736422499,11.053275497684446]}"
00000000000000000027_0,250,357,2635,1784,463,738,913,1301,1732,1935,2100,2191,2169,0.30494696,0.7226348471934738,-0.5624074,0,0,0.11298838,-0.4147502,0.39395952,0,0,0,5,48,75,93,2045,"{""geodesic"":false,""type"":""Point"",""coordinates"":[77.63029581269137,11.903980071745632]}"
00000000000000000028_0,203,986,3251,2960,1140,1460,1730,1907,1932,2003,2040,2145,2145,0.0896921,0.2002066649444588,-0.38017407,0,0,0.22887923,-0.33936653,0.08222812,0,0,0,5,117,149,176,2288,"{""geodesic"":false,""type"":""Point"",""coordinates"":[79.65878155576166,10.349984461747272]}"
00000000000000000029_0,297,792,3415,2473,1170,1600,2202,2193,2936,3390,3580,3752,3710,0.26400435,0.42965826889498626,-0.36191425,0,0,-0.023588277,-0.21433833,0.23832583,0,0,0,5,119,163,225,2474,"{""geodesic"":false,""type"":""Point"",""coordinates"":[79.09041747549924,12.42653007251796]}"
0000000000000000002a_0,104,816,4517,3763,1003,1444,2282,2568,2768,2966,3212,3234,3279,0.1949598,0.2478017585931255,-0.51551753,0,0,0.16884461,-0.445362,0.16927557,0,0,0,5,104,148,233,996,"{""geodesic"":false,""type"":""Point"",""coordinates"":[76.99240212943809,10.74515335523145]}"
0000000000000000002b_0,238,225,2102,1438,306,434,559,868,1167,1367,1508,1610,1710,0.31703758,0.9238707165109035,-0.65772873,0,0,0.16454294,-0.5363248,0.4591195,0,0,0,5,32,44,56,1227,"{""geodesic"":false,""type"":""Point"",""coordinates"":[78.93339196383515,12.673836270236063]}"
0000000000000000002c_0,202,645,3638,2931,872,1268,1560,2071,2892,3236,3414,3645,3456,0.25357747,0.7433841218925421,-0.48308194,0,0,0.031764038,-0.39604667,0.37273824,0,0,0,5,89,129,159,2456,"{""geodesic"":false,""type"":""Point"",""coordinates"":[79.16318101351293,9.939184882319415]}"
0000000000000000002d_0,254,824,3110,2424,678,1100,1372,1690,2173,2351,2416,2603,3029,0.22121547,0.4690869877785766,-0.47743466,0,0,0.12558813,-0.3757094,0.27560717,0,0,0,5,70,113,140,2012,"{""geodesic"":false,""type"":""Point"",""coordinates"":[77.83906428472075,11.797799205162706]}"
0000000000000000002e_0,294,530,2366,1827,488,744,844,1300,1918,2107,2198,2285,2405,0.27932727,0.9394948653899527,-0.5215434,0,0,0.036809817,-0.42123687,0.44510192,0,0,0,5,50,76,86,2217,"{""geodesic"":false,""type"":""Point"",""coordinates"":[78.4459660906719,11.273542405350552]}"
0000000000000000002f_0,282,309,2125,1391,489,695,807,1207,1692,1994,1892,2207,2201,0.31640178,0.8842705786471068,-0.5070922,0,0,0.058003485,-0.3336529,0.40200076,0,0,0,5,48,71,81,1602,"{""geodesic"":false,""type"":""Point"",""coordinates"":[78.70638769153814,11.912783561530004]}"
00000000000000000030_0,297,524,2241,2059,688,921,1206,1331,1455,1579,1672,1732,1792,0.13535471,0.3107495332088557,-0.4174573,0,0,0.14541273,-0.38187918,0.161918,0,0,0,5,73,93,122,1746,"{""geodesic"":false,""type"":""Point"",""coordinates"":[78.73423546534585,11.619393789736568]}"
00000000000000000031_0,204,1236,2663,2586,1470,1794,2020,2168,2223,2291,2226,2327,2248,0.05491423,0.15502709211318483,-0.1949742,15,0,0.08938433,-0.18082191,0.04851625,0,0,0,5,152,183,207,3238,"{""geodesic"":false,""type"":""Point"",""coordinates"":[80.25894599708191,13.120209134915052]}"
00000000000000000032_0,261,265,1456,809,366,549,411,908,1892,2211,2170,2377,2312,0.4550562,2.3242600422832984,-0.45236906,0,0,-0.1969112,-0.19145803,0.6815188,0,0,0,4,39,56,43,1408,"{""geodesic"":false,""type"":""Point"",""coordinates"":[78.71635899119187,11.926258290791797]}"
00000000000000000033_0,288,722,3514,2752,1002,1552,1838,2066,2435,2736,2966,3023,2824,0.20178041,0.4351851851851852,-0.3872878,0,0,0.084567904,-0.2788104,0.23480433,0,0,0,5,100,158,188,2342,"{""geodesic"":false,""type"":""Point"",""coordinates"":[77.83924394777758,11.829599566220537]}"
00000000000000000034_0,204,1251,2526,2212,1266,1460,1672,1812,2043,2111,2098,2225,2168,0.114754096,0.4040212443095599,-0.26743603,0,0,0.09256055,-0.20479302,0.112997346,0,0,0,5,131,149,170,3189,"{""geodesic"":false,""type"":""Point"",""coordinates"":[80.24843570825772,13.0859833225901]}"
00000000000000000035_0,296,813,3679,2706,1272,1650,2270,2380,2617,3018,3256,3252,2897,0.228412,0.3359683794466403,-0.38074687,0,0,0.060994953,-0.24242425,0.17842925,0,0,0,5,128,168,232,2582,"{""geodesic"":false,""type"":""Point"",""coordinates"":[79.07002571854973,12.40038909775008]}"
00000000000000000036_0,103,363,2804,2210,515,832,1068,1620,1967,2168,2209,2392,2071,0.24469274,0.5998317737356744,-0.5423542,0,0,0.1186914,-0.45299146,0.34818432,0,0,0,5,55,85,110,1014,"{""geodesic"":false,""type"":""Point"",""coordinates"":[77.08816253872524,10.754675497243117]}"
00000000000000000037_0,274,265,1957,1288,422,552,694,947,1331,1554,1690,1799,1868,0.32932386,0.9256505576208178,-0.559984,0,0,0.07321086,-0.4,0.41778523,0,0,0,5,44,58,71,1795,"{""geodesic"":false,""type"":""Point"",""coordinates"":[78.76891043531286,11.80166196088442]}"
00000000000000000038_0,290,856,3089,2523,962,1272,1340,2060,2452,2691,2758,2895,2710,0.21281892,0.9891183035714286,-0.41664755,0,0,0.056610227,-0.32964426,0.34602246,0,0,0,5,100,129,137,2571,"{""geodesic"":false,""type"":""Point"",""coordinates"":[77.81364196218017,11.786300769525976]}"
00000000000000000039_0,256,319,2043,1314,431,566,673,895,1353,1601,1706,1816,1925,0.33203056,1.0278606965174129,-0.5661173,0,0,0.08989064,-0.39787233,0.43421605,0,0,0,5,45,58,69,1391,"{""geodesic"":false,""type"":""Point"",""coordinates"":[78.32568167412829,11.833282658885427]}"
0000000000000000003a_0,204,1277,2813,2366,1168,1322,1372,1777,2147,2347,2346,2589,2586,0.16627105,1.3386476085761405,-0.3605804,0,0,0.09052142,-0.28308025,0.2619688,0,0,0,5,120,135,141,3317,"{""geodesic"":false,""type"":""Point"",""coordinates"":[80.24106952292793,13.087240963987867]}"
0000000000000000003b_0,204,1021,2370,1968,1146,1410,1478,1654,2206,2355,2144,2455,2334,0.14394324,0.6885856079404467,-0.25396827,0,0,0.05006646,-0.1651865,0.1838763,0,0,0,5,118,144,151,3269,"{""geodesic"":false,""type"":""Point"",""coordinates"":[80.28194286835537,13.084096860493448]}"
0000000000000000003c_0,251,341,2567,1566,481,700,808,1285,2010,2306,2370,2610,2628,0.37081772,1.0812681711200332,-0.5714723,0,0,0.039902776,-0.3821712,0.4915041,0,0,0,4,47,72,85,2137,"{""geodesic"":false,""type"":""Point"",""coordinates"":[77.60262770194049,11.92967188887145]}"
0000000000000000003d_0,266,342,2388,1715,437,610,763,1117,1361,1531,1592,1773,1721,0.2624901,0.7162605840677381,-0.59306204,0,0,0.2,-0.4752688,0.352017,0,0,0,5,44,60,79,1797,"{""geodesic"":false,""type"":""Point"",""coordinates"":[79.0058860072636,12.793042708438723]}"
0000000000000000003e_0,276,174,1662,907,275,500,388,869,1860,2179,2242,2405,2524,0.47015628,1.8477177596173011,-0.53746533,0,0,-0.14856558,-0.28926796,0.70494294,0,0,0,4,27,51,40,1835,"{""geodesic"":false,""type"":""Point"",""coordinates"":[78.7481593522497,11.800134824901416]}"
0000000000000000003f_0,203,549,4018,2642,719,944,1334,1686,1966,2198,2426,2731,2672,0.28494516,0.541827924977672,-0.61950827,0,0,0.24705152,-0.4735081,0.29042554,0,0,0,5,74,96,136,2296,"{""geodesic"":false,""type"":""Point"",""coordinates"":[79.74915207334408,10.370016892583138]}"
00000000000000000040_0,288,508,3381,2740,727,1021,1480,1770,2389,2820,2532,3056,2848,0.22245194,0.44123815116181525,-0.53611994,0,0,0.14358194,-0.4570593,0.26221335,0,0,0,5,73,104,151,2416,"{""geodesic"":false,""type"":""Point"",""coordinates"":[77.83187776244779,11.771927724980063]}"
00000000000000000041_0,274,339,2052,1298,472,662,636,1049,1690,1938,2020,2205,2192,0.3501326,1.5063125816282108,-0.51215917,0,0,0.007858546,-0.3244898,0.5210843,0,0,0,5,49,68,64,1526,"{""geodesic"":false,""type"":""Point"",""coordinates"":[78.70827415363479,11.909459794978762]}"
00000000000000000042_0,204,1061,3193,3281,1656,1988,2138,2063,2191,2254,2490,2405,2120,0.037801314,0.30355294929285964,-0.23258059,0,0,0.12370227,-0.24539761,0.076058775,0,0,0,5,170,201,217,3193,"{""geodesic"":false,""type"":""Point"",""coordinates"":[80.29703456512858,13.113741264869393]}"
00000000000000000043_0,238,705,4002,3464,852,1350,2384,2724,2758,2915,3088,3057,2988,0.19119623,0.1599563755339453,-0.4955157,0,0,0.12891397,-0.43913585,0.12865497,0,0,0,5,89,135,240,2235,"{""geodesic"":false,""type"":""Point"",""coordinates"":[77.07450814640661,11.048065269036552]}"
00000000000000000044_0,270,344,1750,997,468,603,467,924,1932,2293,2400,2431,2796,0.44347826,2.854400472533963,-0.48746282,0,0,-0.15662651,-0.24625,0.6742239,0,0,0,4,46,63,49,1817,"{""geodesic"":false,""type"":""Point"",""coordinates"":[78.78516994195543,11.808219662458491]}"
00000000000000000045_0,271,494,4111,3201,888,1246,1802,2146,2400,2599,2768,2937,2595,0.21472718,0.34893801473775465,-0.53481424,0,0,0.19523187,-0.43962222,0.21137856,0,0,0,5,93,128,183,2190,"{""geodesic"":false,""type"":""Point"",""coordinates"":[78.76603582640368,11.81369938569162]}"
00000000000000000046_0,103,509,3119,2821,1076,1482,2044,1943,2176,2233,2765,2524,2330,0.1551978,0.25897988505747127,-0.35579222,0,0,0.060163155,-0.31117824,0.14992721,0,0,0,5,113,152,208,884,"{""geodesic"":false,""type"":""Point"",""coordinates"":[77.10055928964609,10.760514546589894]}"
00000000000000000047_0,257,414,2229,1791,587,758,896,1179,1502,1635,1996,1840,2013,0.24741659,0.9257700723783875,-0.49246734,0,0,0.055147927,-0.40525696,0.38035962,0,0,0,7,63,77,94,1456,"{""geodesic"":false,""type"":""Point"",""coordinates"":[78.91812060400511,12.704738316009774]}"
00000000000000000048_0,260,374,2094,1398,414,551,625,887,1243,1340,1558,1623,1564,0.30405286,1.0583030852994555,-0.58336484,0,0,0.1467689,-0.43458185,0.4273935,0,0,0,5,44,55,65,1477,"{""geodesic"":false,""type"":""Point"",""coordinates"":[78.33762926740708,11.82744360953865]}"
00000000000000000049_0,269,269,1727,1032,309,453,437,786,1464,1719,1734,1930,1907,0.39951476,1.589850453542535,-0.5844037,0,0,-0.002022537,-0.389899,0.5974206,0,0,0,4,34,47,45,1763,"{""geodesic"":false,""type"":""Point"",""coordinates"":[78.77726476745518,11.80812983093008]}"
0000000000000000004a_0,203,842,3199,2076,659,1016,1050,1741,3708,4273,3968,4550,3258,0.3972122,1.3695672580493756,-0.5179122,0,0,-0.10729734,-0.34282017,0.58150655,0,0,0,4,62,104,107,2653,"{""geodesic"":false,""type"":""Point"",""coordinates"":[79.31239118220518,10.616604438073946]}"
0000000000000000004b_0,243,268,2345,1573,412,562,789,1021,1301,1455,1668,1756,1722,0.3054652,0.6632961062481135,-0.6133471,0,0,0.16870172,-0.4735363,0.35775337,0,0,0,5,42,57,81,1258,"{""geodesic"":false,""type"":""Point"",""coordinates"":[78.91758161483465,12.685783863514853]}"
0000000000000000004c_0,262,325,2731,1946,413,664,766,1264,1763,2048,2380,2339,2351,0.32392177,1.040082484856296,-0.60883653,0,0,0.06867541,-0.49118775,0.51303244,0,0,0,5,43,68,77,1297,"{""geodesic"":false,""type"":""Point"",""coordinates"":[78.6550040572865,11.866250829812612]}"
0000000000000000004d_0,240,600,4059,3272,927,1296,1948,2145,2312,2607,2950,2937,2615,0.21084909,0.3258960515188968,-0.5159664,0,0,0.15822513,-0.43257442,0.20457329,0,0,0,5,96,131,199,1321,"{""geodesic"":false,""type"":""Point"",""coordinates"":[78.92764274601679,12.683627906832966]}"
0000000000000000004e_0,237,456,2497,1695,493,700,930,1230,1657,1852,2036,2049,2127,0.30860278,0.7054471233575711,-0.56208944,0,0,0.10169865,-0.41544884,0.3728928,0,0,0,5,49,72,95,1509,"{""geodesic"":false,""type"":""Point"",""coordinates"":[77.64008744928827,11.89418843514873]}"
0000000000000000004f_0,204,1172,2572,2298,1170,1384,1602,1864,2031,2089,1918,2165,2108,0.098874204,0.2866473149492017,-0.30030334,0,0,0.14565702,-0.24823466,0.08977272,0,0,0,5,119,142,164,3092,"{""geodesic"":false,""type"":""Point"",""coordinates"":[80.29595658678764,13.11544806390922]}"
00000000000000000050_0,297,631,3578,2553,710,932,1332,1917,2280,2603,2468,3003,2958,0.26870212,0.5529595015576324,-0.5866962,0,0,0.18359245,-0.4651363,0.29894736,0,0,0,5,69,96,138,2323,"{""geodesic"":false,""type"":""Point"",""coordinates"":[79.07029521313497,12.412516354085694]}"
00000000000000000051_0,202,936,3273,3116,1324,1698,2028,2008,2236,2330,2596,2562,2912,0.09875503,0.2936918304033092,-0.31683767,0,0,0.11535185,-0.29455754,0.12283737,0,0,0,5,135,173,207,2163,"{""geodesic"":false,""type"":""Point"",""coordinates"":[79.14377740337594,9.923823690960972]}"
00000000000000000052_0,252,361,2079,1363,514,713,740,1164,1946,2236,2186,2401,2326,0.34521368,1.3041125541125542,-0.489255,0,0,-0.025087925,-0.31310213,0.49419,0,0,0,4,53,72,76,1669,"{""geodesic"":false,""type"":""Point"",""coordinates"":[78.43644394866023,11.284142525703164]}"
00000000000000000053_0,268,307,1809,1011,431,654,461,979,1925,2200,2384,2475,2263,0.4315466,2.5058639562157934,-0.46894032,0,0,-0.13713332,-0.21441442,0.6759227,0,0,0,4,42,67,48,1719,"{""geodesic"":false,""type"":""Point"",""coordinates"":[78.75229160255665,11.819807929623634]}"
00000000000000000054_0,274,471,2766,1912,636,763,1023,1371,1658,1899,2020,2157,2187,0.28293794,0.735467689583948,-0.5675829,0,0,0.15587129,-0.4295327,0.3276372,0,0,0,5,63,78,105,1608,"{""geodesic"":false,""type"":""Point"",""coordinates"":[78.34697174636193,11.808399325515316]}"
00000000000000000055_0,290,497,2645,1987,683,951,1220,1351,2591,3410,2958,3564,2715,0.31202435,0.8426258120818385,-0.47107896,0,0,-0.05586293,-0.35262084,0.4159885,0,0,0,4,67,98,125,2519,"{""geodesic"":false,""type"":""Point"",""coordinates"":[77.81004870104368,11.765100528820755]}"
00000000000000000056_0,255,332,2273,1752,466,595,810,960,1173,1386,1440,1578,1714,0.22541255,0.5612972202423379,-0.5850767,0,0,0.22434689,-0.49296975,0.28,0,0,0,5,46,60,82,1522,"{""geodesic"":false,""type"":""Point"",""coordinates"":[79.00615550184882,12.805978448530045]}"
00000000000000000057_0,257,366,2117,1392,396,578,619,1027,1600,1780,2012,2008,1899,0.35399246,1.2631483496554226,-0.5710575,0,0,0.025429886,-0.41319796,0.5294565,0,0,0,4,41,59,61,1385,"{""geodesic"":false,""type"":""Point"",""coordinates"":[78.64072084426901,11.86472369382961]}"
00000000000000000058_0,104,414,2726,1735,494,804,850,1295,2270,2649,3033,3061,2763,0.3880453,1.2322194626326484,-0.5444759,0,0,-0.053307865,-0.3666798,0.56219417,0,0,0,4,53,83,87,957,"{""geodesic"":false,""type"":""Point"",""coordinates"":[76.98027487310249,10.755124654885176]}"
00000000000000000059_0,261,423,2715,2148,683,877,1156,1395,1723,1962,2094,2213,2222,0.2277253,0.5999744147371114,-0.51169264,0,0,0.12913288,-0.4201653,0.28861538,0,0,0,5,67,89,119,1320,"{""geodesic"":false,""type"":""Point"",""coordinates"":[78.66335838942882,11.871101732346858]}"
0000000000000000005a_0,203,474,2188,1233,480,948,614,1575,3349,3914,4476,4032,3321,0.50684005,2.116860337645253,-0.39540815,0,0,-0.34333733,-0.130674,0.75874263,0,0,0,4,48,98,62,3256,"{""geodesic"":false,""type"":""Point"",""coordinates"":[79.341137271297,10.647147157734011]}"
0000000000000000005b_0,231,707,3666,2862,803,1172,1646,2188,2526,2770,2714,2975,2927,0.22527367,0.40648549897236813,-0.5155023,0,0,0.1492163,-0.41893902,0.24495412,0,0,0,5,81,121,168,2108,"{""geodesic"":false,""type"":""Point"",""coordinates"":[77.04944514997969,11.026685365274508]}"
0000000000000000005c_0,289,651,3806,3348,982,1404,2142,2290,2525,2687,2908,2774,2537,0.1711146,0.22808480228680322,-0.46103647,0,0,0.13375038,-0.4090909,0.15168317,0,0,0,5,103,143,218,2377,"{""geodesic"":false,""type"":""Point"",""coordinates"":[77.83250658314667,11.826724957311354]}"
0000000000000000005d_0,202,928,3937,3197,1254,1768,2302,2537,2771,2991,3372,3301,3153,0.19097279,0.34383033419023135,-0.38019282,0,0,0.07730196,-0.2878147,0.18857948,0,0,0,5,128,180,234,2300,"{""geodesic"":false,""type"":""Point"",""coordinates"":[79.15195207246143,9.940262860660358]}"
0000000000000000005e_0,289,392,2237,1661,535,755,949,1204,1602,1795,1856,1961,1983,0.25764325,0.6408082520842164,-0.49532086,0,0,0.09308576,-0.375,0.32335114,0,0,0,5,56,77,97,2204,"{""geodesic"":false,""type"":""Point"",""coordinates"":[78.44758305818331,11.279111960112093]}"
0000000000000000005f_0,202,1066,4620,3465,1648,2250,3168,3476,3717,4001,4272,4398,4102,0.21749847,0.25272410951378077,-0.34497815,0,0,0.0391363,-0.21259843,0.14838709,0,0,0,5,168,229,255,2487,"{""geodesic"":false,""type"":""Point"",""coordinates"":[79.16740309534828,9.95463590520627]}"
00000000000000000060_0,203,424,2656,1326,415,827,512,1461,3622,4170,4188,4641,4608,0.52139604,2.215258527178498,-0.52512205,0,0,-0.2238457,-0.23176962,0.7821277,0,0,0,4,43,84,53,2836,"{""geodesic"":false,""type"":""Point"",""coordinates"":[79.35398317985991,10.629270683580032]}"
00000000000000000061_0,234,345,2443,1772,467,711,784,1292,1780,2007,2206,2238,2499,0.30370164,1.0429807833357783,-0.54914397,0,0,0.050978705,-0.42730567,0.47558528,0,0,0,5,48,71,79,1368,"{""geodesic"":false,""type"":""Point"",""coordinates"":[78.9571074873359,12.711835006754319]}"
00000000000000000062_0,276,747,3058,2253,923,1124,1432,1857,2097,2331,2310,2563,2403,0.22767295,0.551438261524934,-0.46245816,0,0,0.13934426,-0.3343204,0.2346339,0,0,0,5,95,116,148,2007,"{""geodesic"":false,""type"":""Point"",""coordinates"":[77.84229821974358,11.767795474673113]}"
00000000000000000063_0,266,354,2629,1868,520,653,957,1175,1410,1624,1814,1934,1831,0.2759908,0.5858627290128521,-0.6020719,0,0,0.18343462,-0.4819516,0.30927464,0,0,0,5,52,68,97,1650,"{""geodesic"":false,""type"":""Point"",""coordinates"":[79.00319106141123,12.788101974376065]}"
00000000000000000064_0,203,467,2728,1662,511,759,784,1218,2054,2356,2456,2680,2699,0.36331362,1.255820940363527,-0.5646688,0,0,0.052469134,-0.37298638,0.5160494,0,0,0,4,54,78,80,2371,"{""geodesic"":false,""type"":""Point"",""coordinates"":[79.70998552695647,10.37109487092408]}"
00000000000000000065_0,204,1220,2800,2490,1290,1438,1656,1986,2020,2203,2010,2316,2315,0.10093843,0.3895246478873239,-0.32137802,0,0,0.16424116,-0.26782078,0.09656301,0,0,0,5,132,146,168,3153,"{""geodesic"":false,""type"":""Point"",""coordinates"":[80.2505916649396,13.091283382766404]}"
00000000000000000066_0,296,427,2525,2265,601,857,1344,1515,1646,1762,1788,1857,1943,0.1601883,0.20765129548218128,-0.4931993,0,0,0.17087874,-0.45099294,0.14176245,0,0,0,5,61,89,136,1879,"{""geodesic"":false,""type"":""Point"",""coordinates"":[78.70486055555514,11.628915931748235]}"
00000000000000000067_0,202,1189,3523,2841,1470,1902,2126,2717,2939,3094,2878,3253,2966,0.14877962,0.4078091106290672,-0.29880184,0,0,0.100765504,-0.19797596,0.15027978,0,0,0,5,150,194,217,2571,"{""geodesic"":false,""type"":""Point"",""coordinates"":[79.15267072468872,9.922835544148441]}"
00000000000000000068_0,203,801,3851,2580,1032,1322,1676,1954,2355,2684,2994,3150,2899,0.27384385,0.6204104688382602,-0.4888846,0,0,0.12520088,-0.32239878,0.28222698,0,0,0,5,103,135,171,2175,"{""geodesic"":false,""type"":""Point"",""coordinates"":[79.2645109775616,10.210835424237159]}"
00000000000000000069_0,291,684,2641,2155,897,1166,1476,1535,2179,2412,2166,2643,2475,0.1828248,0.4015830520311954,-0.38744417,0,0,0.09881423,-0.29780185,0.18945634,0,0,0,5,93,119,149,2274,"{""geodesic"":false,""type"":""Point"",""coordinates"":[77.80385032558326,11.796900889878586]}"
0000000000000000006a_0,258,703,3617,2542,827,1202,1526,2095,2520,2885,2880,3348,3677,0.26882142,0.5801696803496443,-0.5011413,0,0,0.113436975,-0.35790598,0.30730823,0,0,0,5,85,121,157,2308,"{""geodesic"":false,""type"":""Point"",""coordinates"":[78.10721139703043,9.883938492346065]}"
0000000000000000006b_0,204,1126,2159,1864,1044,1146,1208,1696,1946,2144,1706,2201,2319,0.12436364,1.1066666666666667,-0.3065053,19,0,0.117205694,-0.2385382,0.17089911,0,0,0,5,101,117,125,3036,"{""geodesic"":false,""type"":""Point"",""coordinates"":[80.25984431236603,13.112393791943212]}"
0000000000000000006c_0,203,490,3030,1955,438,594,745,1014,1430,1671,1798,2049,2202,0.30893317,0.8822050938337801,-0.6721854,0,0,0.25517812,-0.5339349,0.41407785,0,0,0,5,46,61,75,2114,"{""geodesic"":false,""type"":""Point"",""coordinates"":[79.72840099028092,10.376844088742446]}"
0000000000000000006d_0,259,764,2644,1934,904,1198,1378,1637,2457,2745,2846,2934,2839,0.27348644,0.8465974625144175,-0.37636647,0,0,-0.03679417,-0.23499362,0.34753788,0,0,0,5,92,122,142,2578,"{""geodesic"":false,""type"":""Point"",""coordinates"":[78.14206603005427,9.900018335931804]}"
0000000000000000006e_0,255,712,3235,2632,976,1442,1802,2096,2517,2707,2822,2888,2905,0.19573586,0.40380047505938244,-0.3833654,0,0,0.06818557,-0.29209623,0.22058824,0,0,0,5,101,148,182,2229,"{""geodesic"":false,""type"":""Point"",""coordinates"":[77.81112667938463,11.783605823673618]}"
0000000000000000006f_0,203,764,3006,2273,1312,1810,2248,2410,2927,3149,3416,3232,3151,0.22265588,0.4133050247699929,-0.24833886,0,0,-0.06384304,-0.11339701,0.2062147,0,0,0,5,133,183,229,2720,"{""geodesic"":false,""type"":""Point"",""coordinates"":[79.34778480439948,10.648404799131777]}"
00000000000000000070_0,204,1225,2871,2390,1182,1458,1572,2068,2372,2569,2454,2723,2645,0.16101603,0.7296492389146261,-0.32640332,0,0,0.07830986,-0.24220374,0.21907601,0,0,0,5,120,148,159,3294,"{""geodesic"":false,""type"":""Point"",""coordinates"":[80.22265405960349,13.119939640329816]}"
00000000000000000071_0,264,559,3533,3076,719,1064,1618,1771,1919,2116,2286,2307,2587,0.16859123,0.25293449450965544,-0.5370894,0,0,0.214298,-0.48599035,0.17110656,0,0,0,5,74,109,164,1397,"{""geodesic"":false,""type"":""Point"",""coordinates"":[78.36493805204431,11.8007636456003]}"
00000000000000000072_0,263,327,1892,1134,433,647,684,1007,1739,1991,2088,2194,2246,0.38170457,1.1916482770327619,-0.49035054,0,0,-0.049246233,-0.27344188,0.5064935,0,0,0,4,45,66,69,1706,"{""geodesic"":false,""type"":""Point"",""coordinates"":[78.43904906298417,11.282345895134924]}"
00000000000000000073_0,234,324,2854,2019,484,720,935,1359,1771,2003,2104,2313,2135,0.28829414,0.715422276621787,-0.59709007,0,0,0.15127067,-0.4742607,0.384666,0,0,0,5,50,73,96,1364,"{""geodesic"":false,""type"":""Point"",""coordinates"":[78.95881428637573,12.674644753991771]}"
00000000000000000074_0,204,1160,2304,1792,944,1132,1072,1850,2180,2467,2138,2553,2601,0.206082,1.7873910127431252,-0.3410943,24,0,0.037370555,-0.2257182,0.33208722,0,0,0,5,98,116,109,3299,"{""geodesic"":false,""type"":""Point"",""coordinates"":[80.22436085864331,13.114459917096688]}"
00000000000000000075_0,264,344,2822,2037,591,1023,1480,1732,2021,2228,2330,2278,2451,0.25474915,0.3134911853654938,-0.46788037,0,0,0.09549689,-0.33137256,0.22309712,0,0,0,5,61,105,151,1368,"{""geodesic"":false,""type"":""Point"",""coordinates"":[78.66443636776977,11.883228988682472]}"
00000000000000000076_0,261,294,1715,1102,335,485,496,787,1403,1559,1576,1757,1772,0.34932348,1.3232050967900024,-0.5590909,0,0,0.042236403,-0.38878387,0.5212355,0,0,0,4,36,50,53,1454,"{""geodesic"":false,""type"":""Point"",""coordinates"":[78.63515128950746,11.867777965795616]}"
00000000000000000077_0,256,441,2577,1724,506,664,760,1162,1481,1724,1808,1981,1942,0.2948472,1.017871017871018,-0.5902499,0,0,0.17537059,-0.4438861,0.40809968,0,0,0,5,52,68,78,1262,"{""geodesic"":false,""type"":""Point"",""coordinates"":[78.36664485108415,11.814238374862093]}"
00000000000000000078_0,236,530,3507,2577,565,911,1374,1801,2401,2675,2984,3063,2875,0.30093196,0.5756990631481084,-0.5875962,0,0,0.080573104,-0.47763762,0.36943552,0,0,0,5,57,91,141,2010,"{""geodesic"":false,""type"":""Point"",""coordinates"":[77.00506837494419,10.76824005803332]}"
00000000000000000079_0,293,599,2665,1804,643,900,985,1373,2137,2559,2666,2766,2964,0.32694462,1.1193234784924757,-0.49509117,0,0,-1.8758206E-4,-0.33431953,0.4604218,0,0,0,5,66,92,101,2455,"{""geodesic"":false,""type"":""Point"",""coordinates"":[79.06966639243608,12.39850263565343]}"
0000000000000000007a_0,252,948,2414,2298,1100,1266,1482,1726,1783,1919,1836,1904,2092,0.087791145,0.35699878983461075,-0.31195652,0,0,0.136,-0.28956228,0.10669078,0,0,0,5,112,129,153,2434,"{""geodesic"":false,""type"":""Point"",""coordinates"":[78.1242793874287,9.908103173488879]}"
0000000000000000007b_0,252,377,2750,1800,505,780,940,1374,2050,2309,2508,2573,2577,0.34166878,0.8987733577897512,-0.55807364,0,0,0.046025105,-0.39534885,0.45475638,0,0,0,4,53,81,96,2081,"{""geodesic"":false,""type"":""Point"",""coordinates"":[77.60828708823044,11.931558350968102]}"
0000000000000000007c_0,288,798,4234,3787,1120,1494,2144,2422,2595,2768,2954,2989,2865,0.15293929,0.2729478366356652,-0.47835195,0,0,0.17807457,-0.43419808,0.15888584,0,0,0,5,112,153,219,2285,"{""geodesic"":false,""type"":""Point"",""coordinates"":[77.81418095135064,11.757734343490975]}"
0000000000000000007d_0,289,913,2786,2588,1222,1514,1758,2043,2614,2922,2714,3001,2706,0.14559467,0.5832113225963885,-0.29581395,0,0,0.013090909,-0.2618235,0.21377459,0,0,0,5,126,154,180,2511,"{""geodesic"":false,""type"":""Point"",""coordinates"":[77.82280477807818,11.775341323059717]}"
0000000000000000007e_0,245,393,2494,1639,437,686,866,1280,1649,1821,1950,2097,2075,0.31304476,0.7003488822845328,-0.56855345,0,0,0.12241224,-0.40989247,0.3849432,0,0,0,5,46,70,88,1842,"{""geodesic"":false,""type"":""Point"",""coordinates"":[77.61367697993516,11.891942646938432]}"
0000000000000000007f_0,288,685,3348,2604,865,1146,1638,1955,2095,2315,2314,2496,2254,0.20314492,0.29882415347891433,-0.48998666,0,0,0.18262099,-0.3888,0.17105263,0,0,0,5,88,117,166,2387,"{""geodesic"":false,""type"":""Point"",""coordinates"":[77.83313540384556,11.83993019198791]}"
00000000000000000080_0,269,347,2113,1506,462,554,664,945,1190,1347,1428,1566,1709,0.26441708,0.9804928131416837,-0.58455193,0,0,0.19344819,-0.4621359,0.36520076,0,0,0,5,49,57,68,1592,"{""geodesic"":false,""type"":""Point"",""coordinates"":[78.78885303462032,11.804536569793601]}"
00000000000000000081_0,204,1280,2931,2905,1858,2294,2614,2585,2627,2580,2792,2644,2103,0.04797656,0.09797446059004844,-0.12191387,24,0,0.024287961,-0.1175226,0.032926377,0,0,0,5,191,233,255,3213,"{""geodesic"":false,""type"":""Point"",""coordinates"":[80.28059539542919,13.107093731766907]}"
00000000000000000082_0,297,731,3532,2997,1102,1330,1666,1924,2157,2286,2244,2511,2739,0.14342275,0.36343058350100604,-0.45290005,0,0,0.22299169,-0.38525537,0.14782609,0,0,0,5,113,135,169,2453,"{""geodesic"":false,""type"":""Point"",""coordinates"":[79.07990718667504,12.41970287635865]}"
00000000000000000083_0,262,261,1847,1198,364,527,612,904,1425,1692,1882,1923,1855,0.36743674,1.1238938053097345,-0.5560236,0,0,-0.009385894,-0.3889855,0.50922215,0,0,0,4,36,53,63,1374,"{""geodesic"":false,""type"":""Point"",""coordinates"":[78.62428167456962,11.856728687800945]}"
00000000000000000084_0,273,477,2882,2053,631,829,1068,1373,1695,1907,2036,2235,2136,0.26102564,0.6518518518518518,-0.55322015,0,0,0.17202115,-0.42470506,0.31185567,0,0,0,5,64,86,111,1506,"{""geodesic"":false,""type"":""Point"",""coordinates"":[78.3595481603396,11.816304500015567]}"
00000000000000000085_0,240,505,2218,1508,525,779,791,1264,1973,2268,2332,2472,2332,0.33099312,1.226325003978991,-0.48014683,0,0,-0.025054945,-0.3187582,0.4934358,0,0,0,4,54,80,79,1541,"{""geodesic"":false,""type"":""Point"",""coordinates"":[78.4204539366029,11.279471286225741]}"
00000000000000000086_0,247,517,2690,1748,533,786,1004,1476,2136,2317,2230,2598,2522,0.32009658,0.7199060481503229,-0.547756,0,0,0.093495935,-0.37963694,0.3790971,0,0,0,5,56,80,103,2122,"{""geodesic"":false,""type"":""Point"",""coordinates"":[77.62885850823677,11.922665029655318]}"
00000000000000000087_0,203,1655,5083,4736,2048,2796,3498,3886,3907,4083,4036,4197,4144,0.09530959,0.13916192446973616,-0.29026526,0,0,0.11481522,-0.2575677,0.07140961,0,0,0,5,210,254,254,2646,"{""geodesic"":false,""type"":""Point"",""coordinates"":[79.26379232533431,10.23338313786856]}"
00000000000000000088_0,253,687,4268,3642,919,1444,2338,2675,2752,2959,2962,3141,2724,0.17408249,0.15447838787938803,-0.49439776,0,0,0.18063624,-0.43216673,0.11773585,0,0,0,5,95,147,238,2218,"{""geodesic"":false,""type"":""Point"",""coordinates"":[77.83502186594221,11.791241503588633]}"
00000000000000000089_0,250,483,2854,1886,544,805,985,1483,1989,2172,2148,2455,2412,0.30040297,0.7307112339783866,-0.5599891,0,0,0.14114355,-0.4017094,0.3712097,0,0,0,5,55,83,102,2047,"{""geodesic"":false,""type"":""Point"",""coordinates"":[77.62760086683902,11.937127905729643]}"
0000000000000000008a_0,289,641,3059,2192,727,1038,1274,1730,2278,2640,2680,2881,2755,0.27974132,0.7213955874807594,-0.49328777,0,0,0.066039376,-0.35727555,0.35558927,0,0,0,5,74,105,129,2559,"{""geodesic"":false,""type"":""Point"",""coordinates"":[77.8117555000835,11.759261479473977]}"
0000000000000000008b_0,203,881,2830,2626,992,1256,1472,1603,1612,1686,1672,1753,1765,0.07395038,0.1631321370309951,-0.38521782,0,0,0.25721902,-0.35291088,0.06361323,0,0,0,5,100,127,148,2459,"{""geodesic"":false,""type"":""Point"",""coordinates"":[79.6899530961206,10.36732194673078]}"
0000000000000000008c_0,220,195,1708,1065,295,457,458,773,1212,1434,1714,1694,1913,0.3843042,1.3952455009997777,-0.5778291,0,0,-0.0017533606,-0.39947438,0.5782689,0,0,0,4,29,47,47,1120,"{""geodesic"":false,""type"":""Point"",""coordinates"":[78.9518074271596,12.69674330998111]}"
0000000000000000008d_0,292,760,3084,2290,651,969,891,1778,2646,2844,2532,3132,3188,0.26557747,1.369097280160187,-0.5218357,0,0,0.0982906,-0.40533906,0.47940403,0,0,0,5,69,98,91,2224,"{""geodesic"":false,""type"":""Point"",""coordinates"":[79.08601573060706,12.402455222903555]}"
0000000000000000008e_0,278,406,1847,1030,379,668,525,1095,2158,2505,2586,2750,2614,0.44609362,1.7801001900155466,-0.46878728,0,0,-0.16670427,-0.21319199,0.6624879,0,0,0,4,40,66,53,1735,"{""geodesic"":false,""type"":""Point"",""coordinates"":[78.35119382819728,11.827802935652297]}"
0000000000000000008f_0,288,571,2866,2180,701,901,1226,1491,1812,1991,1986,2205,2333,0.22324467,0.4650593562599437,-0.52163523,0,0,0.18136851,-0.41512495,0.2366127,0,0,0,5,71,93,124,2163,"{""geodesic"":false,""type"":""Point"",""coordinates"":[77.84050158917533,11.817831635998571]}"
00000000000000000090_0,290,421,2388,1756,508,636,834,1140,1390,1497,1474,1705,1763,0.23504958,0.5994754589733983,-0.5793651,0,0,0.23666494,-0.46822742,0.27729636,0,0,0,5,52,66,85,2293,"{""geodesic"":false,""type"":""Point"",""coordinates"":[78.43006591014299,11.25404896368516]}"
00000000000000000091_0,103,789,4034,2928,823,1154,1680,2221,2358,2577,2602,2888,2855,0.23829073,0.35404346824360644,-0.5551272,0,0,0.21579264,-0.43459088,0.21531995,0,0,0,5,84,118,172,1010,"{""geodesic"":false,""type"":""Point"",""coordinates"":[77.07001656998602,10.769497699431088]}"
00000000000000000092_0,203,687,3654,2833,1136,1542,1956,2025,2547,2789,3002,3100,3072,0.2067809,0.42048560861874895,-0.4064665,0,0,0.09795673,-0.29508573,0.21097216,0,0,0,5,115,158,200,2273,"{""geodesic"":false,""type"":""Point"",""coordinates"":[79.7401689205029,10.366603294503484]}"
00000000000000000093_0,291,478,3128,2428,735,1104,1676,1810,2126,2349,2576,2670,2727,0.23516674,0.31598904571308195,-0.47826087,0,0,0.09677419,-0.37485844,0.2116651,0,0,0,5,76,112,172,2010,"{""geodesic"":false,""type"":""Point"",""coordinates"":[78.73486428604474,11.655685727214998]}"
00000000000000000094_0,103,466,3294,2916,559,880,1386,1709,1932,2087,2236,2271,2415,0.1859318,0.3340932316641773,-0.57834214,0,0,0.19132008,-0.53635406,0.23467697,0,0,0,5,57,87,141,824,"{""geodesic"":false,""type"":""Point"",""coordinates"":[77.08169466867957,10.770575677772033]}"
00000000000000000095_0,203,657,651,388,910,1298,1376,1712,1672,1752,1712,1550,1401,0.16720177,0.26717557251908397,0.33196512,17,0,-0.4490055,0.539739,0.10880829,0,0,0,7,94,132,141,2522,"{""geodesic"":false,""type"":""Point"",""coordinates"":[79.31589461181323,10.61956887851154]}"
00000000000000000096_0,287,673,3164,2703,775,980,1344,1675,1900,2071,2052,2228,2338,0.17226654,0.4111975839238007,-0.527027,0,0,0.21319018,-0.46782514,0.20848057,0,0,0,5,79,100,137,2189,"{""geodesic"":false,""type"":""Point"",""coordinates"":[77.84678979616417,11.805794211191369]}"
00000000000000000097_0,251,389,2240,1715,554,657,822,1087,1348,1444,1488,1696,1713,0.22229508,0.73477493380406,-0.5464273,0,0,0.20171674,-0.4460371,0.2883117,0,0,0,5,56,66,80,1337,"{""geodesic"":false,""type"":""Point"",""coordinates"":[78.91865959317559,12.703301011555183]}"
00000000000000000098_0,261,327,1981,1284,453,613,656,992,1488,1695,1788,1901,1880,0.33039182,1.2158968850698173,-0.52737087,0,0,0.05120722,-0.3537164,0.46317512,0,0,0,5,48,64,67,1467,"{""geodesic"":false,""type"":""Point"",""coordinates"":[78.63326482741081,11.88448663008024]}"
00000000000000000099_0,242,420,2895,2000,616,901,1180,1435,1925,2094,2458,2427,2206,0.2970681,0.6495222606220776,-0.5252898,0,0,0.081636466,-0.37883487,0.35129192,0,0,0,5,63,91,119,1911,"{""geodesic"":false,""type"":""Point"",""coordinates"":[77.64278239514063,11.907214006768463]}"
0000000000000000009a_0,202,1144,4973,4444,1692,2238,2994,3288,3413,3627,3902,3775,3621,0.14096548,0.24735752424539612,-0.37928164,0,0,0.120676056,-0.33014068,0.13167053,0,0,0,5,172,228,255,2435,"{""geodesic"":false,""type"":""Point"",""coordinates"":[79.15761145875138,9.957869840229101]}"
0000000000000000009b_0,234,512,1994,1243,356,574,597,1035,1712,2045,2056,2235,2437,0.38060337,1.228528123947457,-0.5529595,0,0,-0.015308642,-0.36818933,0.54994345,0,0,0,4,37,59,62,1843,"{""geodesic"":false,""type"":""Point"",""coordinates"":[77.06660297190636,10.762670503271782]}"
0000000000000000009c_0,291,445,2974,2418,583,841,1218,1537,1867,2123,2428,2351,2290,0.24743101,0.5638922546369652,-0.5591088,0,0,0.101073675,-0.48389077,0.33187056,0,0,0,5,59,86,126,1860,"{""geodesic"":false,""type"":""Point"",""coordinates"":[78.7383677156528,11.652361960663754]}"
0000000000000000009d_0,203,821,2958,2871,933,1222,1408,1560,1583,1665,1658,1783,1775,0.06005282,0.20099694484643832,-0.415311,0,0,0.28162912,-0.40288296,0.08153947,0,0,0,5,95,125,144,2424,"{""geodesic"":false,""type"":""Point"",""coordinates"":[79.69767860756403,10.360943908213532]}"
0000000000000000009e_0,282,322,1991,1367,482,698,724,1112,1662,1936,1948,2104,2262,0.31212524,1.1426437640029872,-0.4808479,0,0,0.010916476,-0.32397094,0.45808384,0,0,0,5,49,71,76,1949,"{""geodesic"":false,""type"":""Point"",""coordinates"":[78.44659491137078,11.287106966140758]}"
0000000000000000009f_0,288,599,1986,1331,669,876,864,1260,2062,2372,2386,2653,2659,0.32907736,1.4901116115136088,-0.38784066,0,0,-0.09149131,-0.20616221,0.4683077,0,0,0,5,71,90,87,2174,"{""geodesic"":false,""type"":""Point"",""coordinates"":[77.84274737738563,11.818550288225866]}"
000000000000000000a0_0,287,654,3732,3496,800,1202,1870,1992,2206,2374,2440,2458,2402,0.13560258,0.18600704868816081,-0.51276857,0,0,0.20933247,-0.4882929,0.13225058,0,0,0,5,83,122,188,2436,"{""geodesic"":false,""type"":""Point"",""coordinates"":[77.84876608978924,11.807321347174373]}"
000000000000000000a1_0,238,277,1555,854,372,633,459,1063,2101,2427,2356,2603,2702,0.4490552,2.0433003015941402,-0.4213894,0,0,-0.20480695,-0.14862138,0.6738899,0,0,0,4,40,63,46,1388,"{""geodesic"":false,""type"":""Point"",""coordinates"":[78.91695279413577,12.67096166132688]}"
000000000000000000a2_0,211,242,1444,887,332,459,404,760,1481,1773,1718,1953,1996,0.4028394,1.987295825771325,-0.51760375,0,0,-0.086654015,-0.3179792,0.6192272,0,0,0,4,34,47,41,1245,"{""geodesic"":false,""type"":""Point"",""coordinates"":[78.95495153065401,12.702941685441536]}"
000000000000000000a3_0,103,366,1931,1186,319,635,501,1035,2234,2568,2618,2774,2461,0.42825747,1.637277648878577,-0.5050663,0,0,-0.1510222,-0.302581,0.6787432,0,0,0,4,34,63,51,949,"{""geodesic"":false,""type"":""Point"",""coordinates"":[76.97847824253425,10.777133379346104]}"
000000000000000000a4_0,204,1240,2183,2028,1448,1640,1838,1987,1935,2029,1838,1967,1886,0.04590974,0.0,-0.14203505,15,0,0.08579955,-0.105779715,0.0,0,0,0,5,149,167,186,3271,"{""geodesic"":false,""type"":""Point"",""coordinates"":[80.29721422818541,13.103141144516782]}"
000000000000000000a5_0,203,1022,3785,2932,1232,1710,2044,2415,2578,2754,2814,2958,3014,0.17409483,0.32967973968145226,-0.37761602,0,0,0.14714351,-0.2632486,0.15850145,0,0,0,5,123,173,208,2531,"{""geodesic"":false,""type"":""Point"",""coordinates"":[79.33718468404687,10.615346796676178]}"
000000000000000000a6_0,287,658,4558,4074,814,1236,1992,2449,2711,2975,3042,3180,3073,0.17738187,0.2952755905511811,-0.57335174,0,0,0.19947368,-0.5344633,0.20858164,0,0,0,5,81,126,205,2332,"{""geodesic"":false,""type"":""Point"",""coordinates"":[77.81966067458376,11.75836316418986]}"
000000000000000000a7_0,238,281,1804,908,356,481,378,863,2093,2468,2480,2773,2780,0.510312,2.5276575276575275,-0.57899344,0,0,-0.15779646,-0.3074154,0.73547935,0,0,0,4,38,50,41,1542,"{""geodesic"":false,""type"":""Point"",""coordinates"":[78.42961675250092,11.282525558191747]}"
000000000000000000a8_0,287,681,3062,2732,920,1162,1578,1785,1822,1962,1970,2101,2072,0.12749271,0.21590658735404275,-0.4498106,0,0,0.21701112,-0.40318438,0.11048478,0,0,0,5,94,119,161,2258,"{""geodesic"":false,""type"":""Point"",""coordinates"":[77.83915411624916,11.790792345946572]}"
000000000000000000a9_0,269,303,1694,919,408,589,436,886,1932,2304,2468,2551,2526,0.4680776,2.5086419753086417,-0.48401228,0,0,-0.18596828,-0.2188329,0.6997245,0,0,0,4,41,60,45,1907,"{""geodesic"":false,""type"":""Point"",""coordinates"":[78.78202583846101,11.806423031890253]}"
000000000000000000aa_0,236,409,1874,1558,465,543,671,791,934,1040,1208,1207,1188,0.18927263,0.7682403433476395,-0.55068266,0,0,0.21609345,-0.48310328,0.28579032,0,0,0,5,48,58,69,1086,"{""geodesic"":false,""type"":""Point"",""coordinates"":[78.93770387719893,12.704199326839303]}"
000000000000000000ab_0,261,495,2776,1951,576,731,901,1235,1635,1777,1932,2065,2039,0.27415428,0.8537595230208678,-0.58311945,0,0,0.17926933,-0.4548844,0.36392516,0,0,0,5,58,75,93,1423,"{""geodesic"":false,""type"":""Point"",""coordinates"":[78.35568540461789,11.799955161844592]}"
000000000000000000ac_0,231,1135,3685,3215,1394,1886,2166,2514,2735,2901,2928,3030,2823,0.12907632,0.3482632541133456,-0.3229223,0,0,0.114471495,-0.26053715,0.14958775,0,0,0,5,144,190,219,2125,"{""geodesic"":false,""type"":""Point"",""coordinates"":[77.04189930159308,11.04330419803072]}"
000000000000000000ad_0,237,274,2349,1599,487,639,794,1095,1502,1705,1718,2010,2110,0.29008722,0.8161102278749338,-0.57228917,0,0,0.15515122,-0.42895442,0.3678344,0,0,0,5,49,65,81,1249,"{""geodesic"":false,""type"":""Point"",""coordinates"":[78.92216302278365,12.673836270236063]}"
000000000000000000ae_0,291,595,3594,2995,796,1122,1540,1744,1965,2115,2226,2392,2771,0.17137969,0.3119883572857923,-0.524173,0,0,0.23505154,-0.4549429,0.18215613,0,0,0,5,80,114,156,2393,"{""geodesic"":false,""type"":""Point"",""coordinates"":[79.10937192799416,12.399580613994372]}"
000000000000000000af_0,296,492,3065,2695,634,955,1576,1884,2131,2287,2204,2326,2633,0.1815226,0.22733854619171737,-0.52487564,0,0,0.16340862,-0.47671232,0.16613756,0,0,0,5,66,97,161,1861,"{""geodesic"":false,""type"":""Point"",""coordinates"":[78.7143826975668,11.620651431134336]}"
000000000000000000b0_0,204,1198,2391,2060,1280,1398,1400,1810,2070,2253,2106,2388,2355,0.13060968,1.9459757442116867,-0.26207444,29,0,0.063375585,-0.19144014,0.20136908,0,0,0,5,131,143,143,3246,"{""geodesic"":false,""type"":""Point"",""coordinates"":[80.25122048563848,13.12514986897771]}"
000000000000000000b1_0,297,554,4168,2962,932,1264,1788,2131,2569,2873,2834,3339,3187,0.24723904,0.397839647040925,-0.53460974,0,0,0.190517,-0.4017984,0.22630896,0,0,0,5,96,128,182,2499,"{""geodesic"":false,""type"":""Point"",""coordinates"":[79.07541561025444,12.42105034928483]}"
000000000000000000b2_0,297,466,2921,2479,625,851,996,1309,1802,1967,2028,2239,2223,0.19555502,0.7776940467219291,-0.5487805,0,0,0.1804405,-0.4888889,0.34126985,0,0,0,5,65,87,102,2187,"{""geodesic"":false,""type"":""Point"",""coordinates"":[79.06688161505531,12.431380975052203]}"
000000000000000000b3_0,234,542,2107,1250,430,730,665,1219,2199,2632,2700,2844,2820,0.4165316,1.4678303519907674,-0.48537186,0,0,-0.12336177,-0.26262626,0.6047548,0,0,0,4,46,75,67,2060,"{""geodesic"":false,""type"":""Point"",""coordinates"":[77.09624737628232,10.786925015943009]}"
000000000000000000b4_0,203,967,4236,3527,1212,1636,2172,2588,2927,3144,3296,3430,3508,0.1866089,0.3881751623152369,-0.4427793,0,0,0.12480085,-0.36625993,0.20555963,0,0,0,5,127,167,222,2399,"{""geodesic"":false,""type"":""Point"",""coordinates"":[79.26172620018083,10.235898420664093]}"
000000000000000000b5_0,251,421,2908,1923,491,761,968,1364,1752,1954,1964,2283,2302,0.2895712,0.6087275394206088,-0.5851731,0,0,0.19376026,-0.43293592,0.33969986,0,0,0,5,54,77,98,2089,"{""geodesic"":false,""type"":""Point"",""coordinates"":[77.6290381712936,11.917005643365366]}"
000000000000000000b6_0,266,359,2103,1304,491,727,735,1131,1867,2144,2144,2361,2352,0.35297865,1.226283724978242,-0.48621908,0,0,-0.009653874,-0.2840965,0.48940605,0,0,0,4,51,75,75,1836,"{""geodesic"":false,""type"":""Point"",""coordinates"":[78.43842024228529,11.279830612339389]}"
000000000000000000b7_0,297,550,3129,2773,908,1230,1732,1900,2154,2385,2286,2517,2450,0.14992568,0.2359856875106492,-0.43565038,0,0,0.15567867,-0.3854609,0.13787954,0,0,0,5,93,125,175,1902,"{""geodesic"":false,""type"":""Point"",""coordinates"":[78.73702024272662,11.634036328867717]}"
000000000000000000b8_0,231,309,2225,1249,446,672,688,1034,2298,2678,2610,3033,3321,0.4313203,1.4157336476134355,-0.5360718,0,0,-0.079627715,-0.3003644,0.58277744,0,0,0,4,48,69,70,1361,"{""geodesic"":false,""type"":""Point"",""coordinates"":[78.41784882227896,11.287376460725993]}"
000000000000000000b9_0,265,293,2130,1365,445,610,686,1099,1549,1791,1956,2027,2100,0.34829235,1.160665326265765,-0.55474454,0,0,0.042584434,-0.38227847,0.48069644,0,0,0,5,45,62,71,1473,"{""geodesic"":false,""type"":""Point"",""coordinates"":[78.62517998985373,11.863196557846607]}"
000000000000000000ba_0,231,866,3036,2453,736,1198,1244,1882,2385,2564,2786,2926,2964,0.22917767,0.8148383005707038,-0.43410486,0,0,0.042940572,-0.34374145,0.38263026,0,0,0,5,74,122,126,2034,"{""geodesic"":false,""type"":""Point"",""coordinates"":[77.0472891932978,11.039351610780592]}"
000000000000000000bb_0,203,892,2585,2170,1174,1478,1764,1726,1795,1800,2058,1944,1903,0.120009646,0.1915059927045336,-0.27245876,0,0,0.1135042,-0.18969299,0.07692308,0,0,0,5,121,151,177,2389,"{""geodesic"":false,""type"":""Point"",""coordinates"":[79.69579214546738,10.316567133178026]}"
000000000000000000bc_0,241,357,2427,2008,495,619,819,1063,1169,1301,1328,1514,1672,0.1767471,0.5028650464335112,-0.59356534,0,0,0.29267642,-0.52874,0.23707499,0,0,0,5,49,62,82,1112,"{""geodesic"":false,""type"":""Point"",""coordinates"":[78.93429027911927,12.691263586747981]}"
000000000000000000bd_0,262,399,3047,2178,608,971,1496,1723,2061,2350,2558,2556,2389,0.28055745,0.38064516129032255,-0.51667494,0,0,0.087243535,-0.38329628,0.2619635,0,0,0,5,65,99,152,1472,"{""geodesic"":false,""type"":""Point"",""coordinates"":[78.65895664453663,11.889966353313369]}"
000000000000000000be_0,297,575,2487,2063,771,1036,1372,1533,1911,2142,2098,2385,2281,0.19338886,0.3990326481257558,-0.41186488,0,0,0.08484188,-0.33139724,0.2092219,0,0,0,5,77,103,137,1875,"{""geodesic"":false,""type"":""Point"",""coordinates"":[78.73881687329487,11.61714800152627]}"
000000000000000000bf_0,275,327,2068,1393,541,764,753,1200,2090,2294,2368,2461,2645,0.34566966,1.4269305531012546,-0.460452,0,0,-0.067628495,-0.29160872,0.5174624,0,0,0,4,51,79,79,2125,"{""geodesic"":false,""type"":""Point"",""coordinates"":[78.44614575372871,11.29186803714659]}"
000000000000000000c0_0,203,610,3252,2673,763,1162,1316,2021,2648,2853,2922,3041,3031,0.23368968,0.7877955459629158,-0.47349343,0,0,0.05344995,-0.39400262,0.37895232,0,0,0,5,78,119,134,2439,"{""geodesic"":false,""type"":""Point"",""coordinates"":[79.31867938919402,10.634750406813161]}"
000000000000000000c1_0,267,261,1786,1110,438,639,680,968,1689,1959,2020,2222,2186,0.37029704,1.1896306818181817,-0.47298968,0,0,-0.06148187,-0.26929674,0.4962963,0,0,0,4,45,65,70,1507,"{""geodesic"":false,""type"":""Point"",""coordinates"":[78.70405207179944,11.931558350968102]}"
000000000000000000c2_0,104,624,3754,2928,789,1084,1668,1966,2259,2460,2720,2691,2636,0.23478924,0.38611172282169864,-0.55188096,0,0,0.15971579,-0.45962113,0.23974475,0,0,0,5,79,111,170,894,"{""geodesic"":false,""type"":""Point"",""coordinates"":[76.98234099825596,10.7575501061523]}"
000000000000000000c3_0,289,654,3334,2491,885,1246,1624,1880,2228,2506,2712,2749,2967,0.23602167,0.4673941060228542,-0.4558952,0,0,0.10287794,-0.33315495,0.2509225,0,0,0,5,90,127,163,2295,"{""geodesic"":false,""type"":""Point"",""coordinates"":[77.83457270830014,11.828521587879592]}"
000000000000000000c4_0,232,647,2682,1889,667,969,1054,1689,2350,2627,2484,2861,2930,0.28763708,0.939182976487587,-0.4691865,0,0,0.038327526,-0.32190344,0.40418315,0,0,0,5,69,99,108,2026,"{""geodesic"":false,""type"":""Point"",""coordinates"":[77.05474521015599,11.062707808167701]}"
000000000000000000c5_0,243,559,2274,1643,606,857,1122,1256,1953,2133,2216,2331,2424,0.2846924,0.6210263396911898,-0.45257106,0,0,0.012917595,-0.3144,0.32774118,0,0,0,5,63,88,114,2033,"{""geodesic"":false,""type"":""Point"",""coordinates"":[77.07594545086121,11.037554980212354]}"
000000000000000000c6_0,222,349,2584,1811,517,646,880,1176,1441,1605,1738,1916,1858,0.27511433,0.6827948432277574,-0.6,0,0,0.19574271,-0.4741555,0.3277311,0,0,0,5,51,67,91,1293,"{""geodesic"":false,""type"":""Point"",""coordinates"":[78.95791597109161,12.686412684213735]}"
000000000000000000c7_0,204,1195,2932,2539,1154,1362,1544,2113,2191,2401,2042,2455,2553,0.120901406,0.46945701357466063,-0.36562645,0,0,0.17893043,-0.30171752,0.1388734,0,0,0,5,119,139,157,3259,"{""geodesic"":false,""type"":""Point"",""coordinates"":[80.23082872868898,13.091912203465288]}"
